Sequence	Length	Modifications	Modified sequence	Oxidation (M) Probabilities	Thr->Ser Probabilities	Oxidation (M) Score Diffs	Thr->Ser Score Diffs	Acetyl (Protein N-term)	Oxidation (M)	Thr->Ser	Missed cleavages	Proteins	Leading proteins	Leading razor protein	Type	Raw file	MS/MS m/z	Charge	m/z	Mass	Uncalibrated - Calibrated m/z [ppm]	Uncalibrated - Calibrated m/z [Da]	Mass error [ppm]	Mass error [Da]	Uncalibrated mass error [ppm]	Uncalibrated mass error [Da]	Max intensity m/z 0	Retention time	Retention length	Calibrated retention time	Calibrated retention time start	Calibrated retention time finish	Retention time calibration	Match time difference	Match m/z difference	Match q-value	Match score	Number of data points	Number of scans	Number of isotopic peaks	PIF	Fraction of total spectrum	Base peak fraction	PEP	MS/MS count	MS/MS scan number	MS/MS scan numbers	MS3 scan numbers	Score	Delta score	Combinatorics	Intensity	Reverse	Potential contaminant	id	Protein group IDs	Peptide ID	Mod. peptide ID	MS/MS IDs	Best MS/MS	Oxidation (M) site IDs	Thr->Ser site IDs	Taxonomy IDs	Taxonomy names	Mass deficit
FDVETINVLGNIIQGNADSVDK	22	Thr->Ser	_FDVET(Thr->Ser)INVLGNIIQGNADSVDK_		FDVET(1)INVLGNIIQGNADSVDK		FDVET(240)INVLGNIIQGNADSVDK	0	0	1	0	FBpp0311507	FBpp0311507	FBpp0311507	MULTI-MSMS	47663_e10670_MB032_Pupae_Thr_tRNA_05	1174.59716796875	2	1174.09244	2346.17032	1.0326	0.0012124	0.58715	0.00068937	1.6198	0.0019018	1174.5946443514742	98.114	0.44492	98.114	97.923	98.368	0					24.0	8.0	5.0	0	0	0	2.5356e-84	1	68399	68399		307.7	269.42	1	9731800.0			2281	611	1516	1623	2702	2702		121			0.0510810434807353
DVSIYHADTMEPYYK	15	Thr->Ser	_DVSIYHADT(Thr->Ser)MEPYYK_		DVSIYHADT(1)MEPYYK		DVSIYHADT(160)MEPYYK	0	0	1	0	FBpp0311765	FBpp0311765	FBpp0311765	MULTI-MSMS	47663_e10670_MB032_Pupae_Thr_tRNA_05	909.9100952148438	2	909.406177	1816.7978	1.7175	0.0015619	0.37948	0.0003451	2.0969	0.001907	909.4063812367456	55.08	0.3261	55.08	54.85	55.176	0					17.0	6.0	4.0	0	0	0	1.0767e-56	1	35860	35860		284.42	281.9	1	2300500.0			1488	659	1005	1074	1749	1749		141			-0.0779256846999487
GVVPLFGSEDEVTTQGLDDLAARCAQYK	28	Thr->Ser	_GVVPLFGSEDEVTT(Thr->Ser)QGLDDLAARCAQYK_		GVVPLFGSEDEVT(0.19)T(0.81)QGLDDLAARCAQYK		GVVPLFGSEDEVT(-6.3)T(6.3)QGLDDLAARCAQYK	0	0	1	1	FBpp0308680	FBpp0308680	FBpp0308680	MULTI-MSMS	47663_e10670_MB032_Pupae_Thr_tRNA_05	1009.49365234375	3	1009.15723	3024.44987	2.2961	0.0023171	0.13002	0.00013121	2.4261	0.0024483	1009.4920275061368	82.272	0.49487	82.272	82.011	82.505	0					51.0	9.0	8.0	0	0	0	5.5685e-68	1	56413	56413		265.23	259.2	2	13061000.0			3140	208	2045	2199	3810	3810		59			0.018618131167841
GAADFTAQVIVLNHPGQIANGYTPVLDCHTAHIACK	36	Thr->Ser	_GAADFTAQVIVLNHPGQIANGYT(Thr->Ser)PVLDCHTAHIACK_		GAADFTAQVIVLNHPGQIANGYT(1)PVLDCHTAHIACK		GAADFT(-98)AQVIVLNHPGQIANGYT(48)PVLDCHT(-48)AHIACK	0	0	1	0	FBpp0311273;FBpp0311272	FBpp0311273	FBpp0311273	MULTI-MSMS	47663_e10670_MB032_Pupae_Thr_tRNA_05	770.1844482421875	5	769.982826	3844.87775	1.7243	0.0013277	0.059201	4.5584e-05	1.7835	0.0013733	770.58436602956	72.451	0.5371	72.451	72.269	72.806	0					34.0	10.0	5.0	0	0	0	9.0875e-73	1	49004	49004		259.15	254.1	3	18149000.0			2707	564	1741	1876	3308	3308		98;99			0.06910297649938
FDVETINVLGNIIQGNADSVDKK	23	Thr->Ser	_FDVET(Thr->Ser)INVLGNIIQGNADSVDKK_		FDVET(1)INVLGNIIQGNADSVDKK		FDVET(110)INVLGNIIQGNADSVDKK	0	0	1	1	FBpp0311507	FBpp0311507	FBpp0311507	MULTI-MSMS	47663_e10670_MB032_Pupae_Thr_tRNA_05	826.4307861328125	3	825.762371	2474.26528	2.1356	0.0017635	-1.7009	-0.0014045	0.43472	0.00035898	826.0954638834938	91.794	1.4246	91.794	91.126	92.551	0					58.0	28.0	5.0	0	0	0	7.0939e-39	1	63632	63632		228.57	224.98	1	14033000.0			2282	611	1517	1624	2703	2703		121			0.0871203781930489
PGTVVVFAPANITTEVK	17	Thr->Ser	_PGTVVVFAPANITT(Thr->Ser)EVK_		PGTVVVFAPANIT(0.297)T(0.703)EVK		PGT(-170)VVVFAPANIT(-3.7)T(3.7)EVK	0	0	1	0	FBpp0311273;FBpp0311272	FBpp0311273	FBpp0311273	MULTI-MSMS	47663_e10670_MB032_Pupae_Thr_tRNA_05	864.9824829101562	2	864.98017	1727.94579	2.5857	0.0022366	1.0007	0.00086559	3.5865	0.0031022	864.9811778158586	75.98	0.44107	75.98	75.759	76.2	0					25.0	8.0	4.0	0	0	0	1.4823999999999998e-26	1	51636	51636		224.25	220.84	3	10885000.0			5945	564	3821	4129	7193	7193		101;102;103			0.1109311084615001
NYYEMETYANYDMLDK	16	Thr->Ser	_NYYEMET(Thr->Ser)YANYDMLDK_		NYYEMET(1)YANYDMLDK		NYYEMET(130)YANYDMLDK	0	0	1	0	FBpp0311765	FBpp0311765	FBpp0311765	MULTI-MSMS	47663_e10670_MB032_Pupae_Thr_tRNA_05	1025.4200439453125	2	1024.91625	2047.81794	2.0011	0.0020509	-0.19509	-0.00019995	1.806	0.001851	1025.417953836653	70.874	0.39609	70.874	70.653	71.049	0					21.0	7.0	4.0	0	0	0	1.5935e-17	2	47801	47691;47801		210.64	210.64	1	7526800.0			5829	659	3756	4060	7025;7026	7026		146			-0.1640518559231623
GAADFTAQVIVLNHPGQIANGYTPVLDCHTAHIACK	36	Thr->Ser	_GAADFT(Thr->Ser)AQVIVLNHPGQIANGYTPVLDCHTAHIACK_		GAADFT(1)AQVIVLNHPGQIANGYTPVLDCHTAHIACK		GAADFT(58)AQVIVLNHPGQIANGYT(-58)PVLDCHT(-61)AHIACK	0	0	1	0	FBpp0311273;FBpp0311272	FBpp0311273	FBpp0311273	MULTI-MSMS	47663_e10670_MB032_Pupae_Thr_tRNA_05	962.9793090820312	4	962.226713	3844.87775	2.0681	0.00199	-1.0638	-0.0010236	1.0044	0.00096642	962.9773846665988	71.862	0.63166	71.862	71.49	72.121	0					35.0	12.0	6.0	0	0	0	3.9461e-47	1	48547	48547		209.54	206.42	3	4087300.0			2706	564	1741	1876	3307	3307		98;99			0.06910297649938
TITLEVEPSDTIENVK	16	Thr->Ser	_TIT(Thr->Ser)LEVEPSDTIENVK_		T(0.094)IT(0.906)LEVEPSDTIENVK		T(-9.9)IT(9.9)LEVEPSDT(-140)IENVK	0	0	1	0	FBpp0311816	FBpp0311816	FBpp0311816	MULTI-MSMS	47663_e10670_MB032_Pupae_Thr_tRNA_05	887.4630126953125	2	887.459464	1772.90437	2.7485	0.0024392	0.85577	0.00075946	3.6043	0.0031987	887.4601069621365	64.762	0.43696	64.762	64.595	65.032	0					27.0	8.0	5.0	0	0	0	2.2534e-17	1	43194	43194		206.58	165.99	3	9433000.0			7830	678	5049	5437	9493	9493		152			0.0488388529620351
PFTYTYTIESEK	12	Thr->Ser	_PFTYTYT(Thr->Ser)IESEK_		PFTYTYT(1)IESEK		PFT(-90)YT(-41)YT(41)IESEK	0	0	1	0	FBpp0311765	FBpp0311765	FBpp0311765	MULTI-MSMS	47663_e10670_MB032_Pupae_Thr_tRNA_05	732.849853515625	2	732.84829	1463.68203	1.243	0.00091092	0.206	0.00015096	1.449	0.0010619	732.8483831258029	54.624	0.99281	54.624	54.23	55.223	0					51.0	20.0	3.0	0	0	0	9.9657e-14	1	35440	35440		206.48	191.47	3	12597000.0			5916	659	3801	4107	7159	7159		147			-0.031267242585045
PGTVVVFAPANITTEVK	17	Thr->Ser	_PGTVVVFAPANIT(Thr->Ser)TEVK_		PGTVVVFAPANIT(0.705)T(0.295)EVK		PGT(-150)VVVFAPANIT(3.8)T(-3.8)EVK	0	0	1	0	FBpp0311273;FBpp0311272	FBpp0311273	FBpp0311273	MULTI-MSMS	47663_e10670_MB032_Pupae_Thr_tRNA_05	864.9823608398438	2	864.98017	1727.94579	2.4399	0.0021104	0.28397	0.00024563	2.7238	0.0023561	864.9804023003367	73.704	0.38696	73.704	73.53	73.917	0					23.0	7.0	4.0	0	0	0	3.8204e-19	1	49935	49935		201.09	195.12	3	6404700.0			5943	564	3821	4129	7191	7191		101;102;103			0.1109311084615001
VEIIANDQGNRTTPSYVAFTDTERLIGDAAK	31	Thr->Ser	_VEIIANDQGNRTTPSYVAFTDT(Thr->Ser)ERLIGDAAK_		VEIIANDQGNRTTPSYVAFT(0.072)DT(0.927)ERLIGDAAK		VEIIANDQGNRT(-55)T(-48)PSYVAFT(-11)DT(11)ERLIGDAAK	0	0	1	2	FBpp0307982	FBpp0307982	FBpp0307982	MULTI-MSMS	47663_e10670_MB032_Pupae_Thr_tRNA_05	839.1802978515625	4	838.675842	3350.67426	2.3908	0.0020051	-0.034197	-2.868e-05	2.3566	0.0019764	838.9267419065775	73.16	0.96708	73.16	72.613	73.58	0					82.0	19.0	7.0	0	0	0	6.6721e-31	1	49510	49510		191.4	180.27	4	28991000.0			8257	132	5312	5729	10026	10026		34;35			0.0929521947164175
DGLNTVQEGLQK	12	Thr->Ser	_DGLNT(Thr->Ser)VQEGLQK_		DGLNT(1)VQEGLQK		DGLNT(180)VQEGLQK	0	0	1	0	FBpp0312079;FBpp0312403	FBpp0312079	FBpp0312079	MULTI-MSMS	47663_e10670_MB032_Pupae_Thr_tRNA_05	644.8326416015625	2	644.330598	1286.64664	1.5933	0.0010266	1.5377	0.00099079	3.131	0.0020174	644.332677138004	41.168	0.85411	41.168	40.952	41.806	0					32.0	17.0	3.0	0	0	0	1.5557e-08	1	25330	25330		191.24	164.85	1	8609500.0			1091	728	769	813	1263	1263		166			0.0147865800433919
FTTGDINQIVLQNVTK	16	2 Thr->Ser	_FTT(Thr->Ser)GDINQIVLQNVT(Thr->Ser)K_		FTT(1)GDINQIVLQNVT(1)K		FT(-46)T(46)GDINQIVLQNVT(73)K	0	0	2	0	FBpp0311750;FBpp0308493	FBpp0311750	FBpp0311750	MULTI-MSMS	47663_e10670_MB032_Pupae_Thr_tRNA_05	881.9713745117188	2	881.970333	1761.92611	1.9079	0.0016827	0.04261	3.7581e-05	1.9505	0.0017203	881.9704467069894	68.447	0.33419	68.447	68.24	68.574	0					20.0	6.0	4.0	0	0	0	1.806e-13	1	45961	45961		190.15	174.0	3	5194700.0			2581	179	1686	1811	3096	3096		46;47			0.0756273483539189
DLYANTVLSGGTTMYPGIADRMQK	24	Thr->Ser	_DLYANT(Thr->Ser)VLSGGTTMYPGIADRMQK_		DLYANT(0.987)VLSGGT(0.011)T(0.002)MYPGIADRMQK		DLYANT(20)VLSGGT(-20)T(-26)MYPGIADRMQK	0	0	1	1	FBpp0311818	FBpp0311818	FBpp0311818	MULTI-MSMS	47663_e10670_MB032_Pupae_Thr_tRNA_05	863.758056640625	3	863.420963	2587.24106	2.4299	0.002098	-0.15955	-0.00013776	2.2704	0.0019603	863.7556682696012	73.796	0.87625	73.796	73.433	74.309	0					55.0	17.0	7.0	0	0	0	3.7801e-23	1	49928	49928		189.78	182.33	3	15252000.0			1267	679	867	923	1480	1480		153;154			0.0109273806970122
TIVSHYWHLMETYPEYHK	18	Thr->Ser	_TIVSHYWHLMET(Thr->Ser)YPEYHK_		TIVSHYWHLMET(1)YPEYHK		T(-130)IVSHYWHLMET(130)YPEYHK	0	0	1	0	FBpp0311507	FBpp0311507	FBpp0311507	MULTI-MSMS	47663_e10670_MB032_Pupae_Thr_tRNA_05	581.0296630859375	4	580.776845	2319.07827	2.2299	0.0012951	1.1697	0.00067931	3.3995	0.0019744	581.0282599350933	65.306	0.88733	65.306	64.981	65.869	0					68.0	17.0	7.0	0	0	0	2.016e-18	2	43561	43561;43744		184.01	177.73	2	41497000.0			7853	611	5052	5444	9528;9529	9528		128;129			-0.028502324792953
FIYGGCGGNENRFGTQELCEQK	22	Thr->Ser	_FIYGGCGGNENRFGT(Thr->Ser)QELCEQK_		FIYGGCGGNENRFGT(1)QELCEQK		FIYGGCGGNENRFGT(77)QELCEQK	0	0	1	1	FBpp0311679	FBpp0311679	FBpp0311679	MULTI-MSMS	47663_e10670_MB032_Pupae_Thr_tRNA_05	851.044189453125	3	850.709395	2549.10636	1.7593	0.0014966	0.14154	0.00012041	1.9008	0.001617	851.0440290240265	49.515	0.4758	49.515	49.241	49.717	0					29.0	9.0	5.0	0	0	0	3.5050999999999996e-22	1	31637	31637		183.54	182.66	1	4219800.0			2427	645	1585	1701	2899	2899		136			-0.1062332235223948
TIVSHYWHLMETYPEYHK	18	Thr->Ser	_T(Thr->Ser)IVSHYWHLMETYPEYHK_		T(1)IVSHYWHLMETYPEYHK		T(73)IVSHYWHLMET(-73)YPEYHK	0	0	1	0	FBpp0311507	FBpp0311507	FBpp0311507	MULTI-MSMS	47663_e10670_MB032_Pupae_Thr_tRNA_05	774.369140625	3	774.033368	2319.07827	1.419	0.0010984	-0.75957	-0.00058793	0.65947	0.00051045	774.367282345963	68.495	0.80959	68.495	68.007	68.817	0					42.0	16.0	4.0	0	0	0	1.6645e-15	1	45894	45894		181.41	177.77	2	3664700.0			7857	611	5052	5444	9533	9533		128;129			-0.028502324792953
NQLTTNPENTVFDAK	15	Thr->Ser	_NQLT(Thr->Ser)TNPENTVFDAK_		NQLT(0.984)T(0.016)NPENTVFDAK		NQLT(18)T(-18)NPENT(-80)VFDAK	0	0	1	0	FBpp0311376	FBpp0311376	FBpp0311376	MULTI-MSMS	47663_e10670_MB032_Pupae_Thr_tRNA_05	839.9107666015625	2	839.407566	1676.80058	1.7841	0.0014976	0.12668	0.00010634	1.9108	0.0016039	839.9089978378447	50.568	0.33515	50.568	50.377	50.712	0					9.0	6.0	2.0	0	0	0	1.0049e-08	1	32429	32429		180.2	165.75	3	2845800.0			5671	580	3667	3960	6837	6837		113			-0.0107497702083492
RASGDFSFWVNDRTTYLELYQK	22	Thr->Ser	_RASGDFSFWVNDRT(Thr->Ser)TYLELYQK_		RASGDFSFWVNDRT(0.687)T(0.313)YLELYQK		RASGDFSFWVNDRT(3.4)T(-3.4)YLELYQK	0	0	1	2	FBpp0311507	FBpp0311507	FBpp0311507	MULTI-MSMS	47663_e10670_MB032_Pupae_Thr_tRNA_05	895.105224609375	3	894.769748	2681.28741	2.1074	0.0018856	-0.24623	-0.00022032	1.8612	0.0016653	895.1034483448119	76.39	0.72854	76.39	76.054	76.782	0					24.0	14.0	3.0	0	0	0	3.1546e-15	1	51889	51889		172.69	152.26	2	11683000.0			6519	611	4251	4578	7865	7865		126;127			0.0140226228763822
FILRENIYEFNQETK	15	Thr->Ser	_FILRENIYEFNQET(Thr->Ser)K_		FILRENIYEFNQET(1)K		FILRENIYEFNQET(130)K	0	0	1	1	FBpp0311765	FBpp0311765	FBpp0311765	MULTI-MSMS	47663_e10670_MB032_Pupae_Thr_tRNA_05	644.3302612304688	3	643.995019	1928.96323	2.7023	0.0017403	0.36253	0.00023346	3.0648	0.0019737	644.3297783762492	63.359	0.85865	63.359	63.001	63.86	0					51.0	17.0	4.0	0	0	0	2.7644e-09	1	42055	42055		166.62	149.94	1	17509000.0			2384	659	1574	1685	2834	2834		142			0.0359040638118131
HIFTFDGLNFAYPGNCK	17	Thr->Ser	_HIFT(Thr->Ser)FDGLNFAYPGNCK_		HIFT(1)FDGLNFAYPGNCK		HIFT(100)FDGLNFAYPGNCK	0	0	1	0	FBpp0311464;FBpp0311463	FBpp0311464	FBpp0311464	MULTI-MSMS	47663_e10670_MB032_Pupae_Thr_tRNA_05	662.977783203125	3	662.977082	1985.90942	2.1207	0.001406	0.68009	0.00045089	2.8008	0.0018568	663.3112872617108	82.241	0.54305	82.241	81.814	82.357	0					20.0	10.0	3.0	0	0	0	6.9181e-09	1	56441	56441		153.09	151.12	1	1354400.0			3246	599	2122	2281	3932	3932		119			-0.0441008932214117
AITTTSNTSSSDK	13	Thr->Ser	_AITT(Thr->Ser)TSNTSSSDK_		AIT(0.001)T(0.955)T(0.044)SNTSSSDK		AIT(-29)T(13)T(-13)SNT(-67)SSSDK	0	0	1	0	FBpp0308239;FBpp0308240	FBpp0308239	FBpp0308239	MULTI-SECPEP	47663_e10670_MB032_Pupae_Thr_tRNA_05	649.8093872070312	2	649.807153	1297.59975	2.8566	0.0018562	-0.084965	-5.5211e-05	2.7716	0.001801	649.8071429115045	11.591	0.51373	11.591	11.293	11.806	0					27.0	9.0	5.0	0	0	0	1.3437e-07	1	2665	2665		151.07	137.17	4	8970500.0			331	142	234	251	378	378		37			-0.037142463374721
TIAECLADELINAAK	15	Thr->Ser	_T(Thr->Ser)IAECLADELINAAK_		T(1)IAECLADELINAAK		T(130)IAECLADELINAAK	0	0	1	0	FBpp0311353;FBpp0309958;FBpp0309957	FBpp0311353	FBpp0311353	MULTI-SECPEP	47663_e10670_MB032_Pupae_Thr_tRNA_05	809.915771484375	2	809.411262	1616.80797	2.3268	0.0018834	-0.063588	-5.1469e-05	2.2632	0.0018319	809.9134667874378	88.949	0.49207	88.949	88.709	89.201	0					21.0	9.0	3.0	0	0	0	4.6776e-10	1	61521	61521		147.63	130.19	1	2113400.0			7799	412	5024	5411	9455	9455		83			0.0242403925526559
STTTGHLIYK	10	Thr->Ser	_STTT(Thr->Ser)GHLIYK_		STT(0.047)T(0.953)GHLIYK		ST(-47)T(-13)T(13)GHLIYK	0	0	1	0	FBpp0311273;FBpp0311272	FBpp0311273	FBpp0311273	MULTI-SECPEP	47663_e10670_MB032_Pupae_Thr_tRNA_05	553.7960815429688	2	553.795663	1105.57677	1.7655	0.00097774	-0.41475	-0.00022969	1.3508	0.00074805	553.7952693988858	22.239	0.27248	22.239	22.123	22.395	0					9.0	5.0	2.0	0	0	0	1.3885e-05	1	10914	10914		144.09	120.66	3	1183500.0			7486	564	4854	5222	9040	9040		104			0.0282082412638828
DLYANTVLSGGTTMYPGIADRMQK	24	Oxidation (M),Thr->Ser	_DLYANT(Thr->Ser)VLSGGTTM(Oxidation (M))YPGIADRMQK_	DLYANTVLSGGTTM(0.984)YPGIADRM(0.016)QK	DLYANT(0.965)VLSGGT(0.016)T(0.018)MYPGIADRMQK	DLYANTVLSGGTTM(18)YPGIADRM(-18)QK	DLYANT(17)VLSGGT(-18)T(-17)MYPGIADRMQK	0	1	1	1	FBpp0311818	FBpp0311818	FBpp0311818	MULTI-MSMS	47663_e10670_MB032_Pupae_Thr_tRNA_05	869.086669921875	3	868.752601	2603.23597	2.0461	0.0017776	-1.5157	-0.0013168	0.53041	0.0004608	869.085810960851	67.187	0.58414	67.187	66.727	67.311	0					21.0	11.0	3.0	0	0	0	4.8619e-09	1	45066	45066		140.87	133.34	6	7131800.0			1260	679	867	921	1471	1471	358;359	153;154			-0.0015156579288486
TEQLTEK	7	2 Thr->Ser	_T(Thr->Ser)EQLT(Thr->Ser)EK_		T(1)EQLT(1)EK		T(93)EQLT(93)EK	0	0	2	0	FBpp0312155	FBpp0312155	FBpp0312155	MULTI-MSMS	47663_e10670_MB032_Pupae_Thr_tRNA_05	410.7071533203125	2	410.705983	819.397412	1.8523	0.00076077	0.16924	6.9507e-05	2.0216	0.00083027	410.7060558877131	11.156	0.48193	11.156	10.906	11.388	0					25.0	9.0	4.0	0	0	0	0.014419	1	2370	2370		138.85	25.349	1	5701500.0			7671	742	4962	5337	9279	9279		167;168			-0.0195106016157069
TGEELQAAEDK	11	Thr->Ser	_T(Thr->Ser)GEELQAAEDK_		T(1)GEELQAAEDK		T(95)GEELQAAEDK	0	0	1	0	FBpp0312323	FBpp0312323	FBpp0312323	MULTI-MSMS	47663_e10670_MB032_Pupae_Thr_tRNA_05	588.7732543945312	2	588.772582	1175.53061	1.249	0.00073538	0.58035	0.00034169	1.8294	0.0010771	588.7728749807566	20.933	0.43137	20.933	20.764	21.196	0					11.0	8.0	2.0	0	0	0	0.050872	1	9944	9944		138.22	114.26	1	1267100.0			7739	769	4993	5373	9389	9389		177			-0.0501328556636053
KLESTSTVQASK	12	Thr->Ser	_KLEST(Thr->Ser)STVQASK_		KLEST(0.5)ST(0.5)VQASK		KLEST(0)ST(0)VQASK	0	0	1	1	FBpp0310622;FBpp0309796	FBpp0310622	FBpp0310622	MULTI-MSMS	47663_e10670_MB032_Pupae_Thr_tRNA_05	632.8419799804688	2	632.840799	1263.66705	2.3211	0.0014689	0.044237	2.7995e-05	2.3653	0.0014969	632.8409074476966	16.562	0.44525	16.562	16.327	16.773	0					24.0	9.0	4.0	0	0	0	0.00030577	1	6475	6475		131.5	71.067	2	2986400.0			4082	383	2677	2882	4910	4910		79;80			0.0457582866413304
NVEVSDLTTYFDLVDFDVTNMLNDK	25	Thr->Ser	_NVEVSDLTTYFDLVDFDVT(Thr->Ser)NMLNDK_		NVEVSDLT(0.085)T(0.325)YFDLVDFDVT(0.59)NMLNDK		NVEVSDLT(-8.4)T(-2.6)YFDLVDFDVT(2.6)NMLNDK	0	0	1	0	FBpp0311765	FBpp0311765	FBpp0311765	MULTI-MSMS	47663_e10670_MB032_Pupae_Thr_tRNA_05	965.4580688476562	3	965.119783	2892.33752	2.4741	0.0023878	-0.18491	-0.00017846	2.2892	0.0022094	965.7881677284472	111.58	0.44379	111.58	111.22	111.66	0					38.0	8.0	6.0	0	0	0	1.0483e-13	1	78419	78419		129.27	125.99	3	25449000.0			5764	659	3719	4021	6952	6952		145			-0.0329546068010131
SDQSAGVSLIATIANILGLRDTK	23	Thr->Ser	_SDQSAGVSLIAT(Thr->Ser)IANILGLRDTK_		SDQSAGVSLIAT(0.992)IANILGLRDT(0.008)K		SDQSAGVSLIAT(21)IANILGLRDT(-21)K	0	0	1	1	FBpp0307371	FBpp0307371	FBpp0307371	MULTI-MSMS	47663_e10670_MB032_Pupae_Thr_tRNA_05	777.431640625	3	777.095573	2328.26489	2.2741	0.0017672	1.2317	0.00095716	3.5058	0.0027244	777.4300326585	108.83	0.59143	108.83	108.56	109.15	0					25.0	11.0	5.0	0	0	0	5.8709e-07	1	76533	76533		126.45	122.57	2	5338600.0			7039	58	4563	4914	8493	8493		11;12			0.1538866289006364
TLIDALDAILPPARPTDK	18	Thr->Ser	_T(Thr->Ser)LIDALDAILPPARPTDK_		T(1)LIDALDAILPPARPTDK		T(100)LIDALDAILPPARPT(-100)DK	0	0	1	1	FBpp0311273;FBpp0311272	FBpp0311273	FBpp0311273	MULTI-MSMS	47663_e10670_MB032_Pupae_Thr_tRNA_05	636.3616333007812	3	636.026319	1905.05713	1.9483	0.0012392	-0.35408	-0.00022521	1.5942	0.001014	636.3604300173141	97.14	0.54382	97.14	96.786	97.33	0					37.0	10.0	5.0	0	0	0	1.6205e-05	1	67635	67635		126.01	122.95	2	13389000.0			7886	564	5073	5466	9564	9564		105;106			0.1408012548345141
LMGLGEHWYTEDK	13	Thr->Ser	_LMGLGEHWYT(Thr->Ser)EDK_		LMGLGEHWYT(1)EDK		LMGLGEHWYT(87)EDK	0	0	1	0	FBpp0311765	FBpp0311765	FBpp0311765	MULTI-MSMS	47663_e10670_MB032_Pupae_Thr_tRNA_05	522.5773315429688	3	522.241536	1563.70278	2.3614	0.0012332	0.20758	0.00010841	2.569	0.0013416	522.2416296779094	57.788	0.51715	57.788	57.487	58.005	0					35.0	10.0	4.0	0	0	0	0.00034705	1	37870	37870		125.03	116.03	1	6256700.0			4705	659	3054	3284	5702	5702		144			-0.0565245715051787
FYMPVDYTRDLNLYNK	16	Thr->Ser	_FYMPVDYT(Thr->Ser)RDLNLYNK_		FYMPVDYT(1)RDLNLYNK		FYMPVDYT(95)RDLNLYNK	0	0	1	1	FBpp0311765	FBpp0311765	FBpp0311765	MULTI-MSMS	47663_e10670_MB032_Pupae_Thr_tRNA_05	679.9965209960938	3	679.996142	2036.9666	1.9787	0.0013455	-0.062882	-4.276e-05	1.9158	0.0013027	680.330362410196	74.19	0.4854	74.19	73.917	74.402	0					40.0	9.0	6.0	0	0	0	3.5388e-05	1	50290	50290		124.09	122.63	1	50291000.0			2689	659	1732	1865	3282	3282		143			-0.0104066683643395
IWHHTFYNELRVAPEEHPVLLTEAPLNPK	29	Thr->Ser	_IWHHTFYNELRVAPEEHPVLLT(Thr->Ser)EAPLNPK_		IWHHT(0.002)FYNELRVAPEEHPVLLT(0.998)EAPLNPK		IWHHT(-28)FYNELRVAPEEHPVLLT(28)EAPLNPK	0	0	1	1	FBpp0311818;FBpp0312019	FBpp0311818;FBpp0312019	FBpp0311818	MULTI-MSMS	47663_e10670_MB032_Pupae_Thr_tRNA_05	688.3629150390625	5	688.161835	3435.77279	2.3163	0.001594	0.37396	0.00025734	2.6903	0.0018513	688.563158805361	66.959	0.67609	66.959	66.536	67.212	0					58.0	13.0	6.0	0	0	0	4.7803e-11	1	44776	44776		124.08	109.03	2	23624000.0			3967	679;714	2599	2801	4761	4761		156			0.1523391229802655
SDQSAGVSLIATIANILGLRDTK	23	Thr->Ser	_SDQSAGVSLIATIANILGLRDT(Thr->Ser)K_		SDQSAGVSLIAT(0.005)IANILGLRDT(0.995)K		SDQSAGVSLIAT(-23)IANILGLRDT(23)K	0	0	1	1	FBpp0307371	FBpp0307371	FBpp0307371	MULTI-MSMS	47663_e10670_MB032_Pupae_Thr_tRNA_05	777.7664184570312	3	777.095573	2328.26489	2.1986	0.0017085	0.37855	0.00029417	2.5771	0.0020027	777.4303376881217	111.44	0.24607	111.44	111.27	111.51	0					10.0	4.0	3.0	0	0	0	2.318e-06	1	78489	78489		122.34	121.87	2	2465400.0			7040	58	4563	4914	8494	8494		11;12			0.1538866289006364
VSSTLSGLEGELK	13	Thr->Ser	_VSST(Thr->Ser)LSGLEGELK_		VSST(1)LSGLEGELK		VSST(80)LSGLEGELK	0	0	1	0	FBpp0311280	FBpp0311280	FBpp0311280	MULTI-MSMS	47663_e10670_MB032_Pupae_Thr_tRNA_05	653.3504028320312	2	653.348457	1304.68236	2.9795	0.0019466	-0.54991	-0.00035928	2.4296	0.0015874	653.3486864892932	58.361	0.37192	58.361	58.145	58.517	0					16.0	7.0	3.0	0	0	0	0.022406	1	38352	38352		121.9	71.858	1	2540000.0			8698	566	5593	6030	10556	10556		108			0.0422069546136754
IGGIGTVPVGRVETGVLK	18	Thr->Ser	_IGGIGTVPVGRVET(Thr->Ser)GVLK_		IGGIGT(0.029)VPVGRVET(0.971)GVLK		IGGIGT(-15)VPVGRVET(15)GVLK	0	0	1	1	FBpp0311273;FBpp0311272	FBpp0311273	FBpp0311273	MULTI-MSMS	47663_e10670_MB032_Pupae_Thr_tRNA_05	580.3475952148438	3	580.012233	1737.01487	2.2963	0.0013319	0.76137	0.0004416	3.0577	0.0017735	580.012876338736	61.275	0.52155	61.275	60.973	61.495	0					29.0	10.0	4.0	0	0	0	0.00011526	1	40536	40536		120.24	102.54	2	7148600.0			3533	564	2319	2493	4264	4264		100			0.1758419486570801
FNVLSQGSTNFAYTSPWSASILDLSGK	27	Thr->Ser	_FNVLSQGSTNFAYT(Thr->Ser)SPWSASILDLSGK_		FNVLSQGST(0.189)NFAYT(0.811)SPWSASILDLSGK		FNVLSQGST(-6.3)NFAYT(6.3)SPWSASILDLSGK	0	0	1	0	FBpp0309850	FBpp0309850	FBpp0309850	MULTI-MSMS	47663_e10670_MB032_Pupae_Thr_tRNA_05	960.1441650390624	3	959.474889	2875.40284	1.1647	0.0011175	0.0047278	4.5363e-06	1.1694	0.001122	959.8092861905316	99.626	0.54236	99.626	99.305	99.848	0					33.0	10.0	5.0	0	0	0	4.1449e-08	2	69569	69488;69569		116.35	113.98	2	10662000.0			2502	392	1628	1751	2995;2996	2996		81			0.0401532162795774
YYVTIIDAPGHRDFIK	16	Thr->Ser	_YYVT(Thr->Ser)IIDAPGHRDFIK_		YYVT(1)IIDAPGHRDFIK		YYVT(57)IIDAPGHRDFIK	0	0	1	1	FBpp0311273;FBpp0311272	FBpp0311273	FBpp0311273	MULTI-MSMS	47663_e10670_MB032_Pupae_Thr_tRNA_05	474.50286865234375	4	474.251897	1892.97848	1.8289	0.00086738	0.43791	0.00020768	2.2668	0.0010751	474.252094740434	59.56	0.66132	59.56	59.388	60.049	0					34.0	13.0	4.0	0	0	0	0.00018128	1	39246	39246		114.69	103.22	1	5641500.0			9253	564	5969	6427	11222	11222		107			0.0677131796903722
LLTATESEVATQNRK	15	Thr->Ser	_LLT(Thr->Ser)ATESEVATQNRK_		LLT(0.994)AT(0.006)ESEVATQNRK		LLT(22)AT(-22)ESEVAT(-49)QNRK	0	0	1	1	FBpp0311407;FBpp0308613	FBpp0311407	FBpp0311407	MULTI-MSMS	47663_e10670_MB032_Pupae_Thr_tRNA_05	549.6300048828125	3	549.628448	1645.86351	2.5427	0.0013976	-0.069591	-3.8249e-05	2.4731	0.0013593	549.6283720116443	30.964	0.69906	30.964	30.451	31.15	0					34.0	14.0	3.0	0	0	0	0.00013876	1	17381	17381		114.64	109.59	3	1200400.0			4668	194	3042	3266	5649	5649		53;54			0.0664158876722922
PGTVVVFAPANITTEVK	17	Thr->Ser	_PGT(Thr->Ser)VVVFAPANITTEVK_		PGT(1)VVVFAPANITTEVK		PGT(91)VVVFAPANIT(-91)T(-92)EVK	0	0	1	0	FBpp0311273;FBpp0311272	FBpp0311273	FBpp0311273	MULTI-MSMS	47663_e10670_MB032_Pupae_Thr_tRNA_05	865.4824829101562	2	864.98017	1727.94579	2.3213	0.0020079	-0.89378	-0.0007731	1.4275	0.0012348	865.4808195854989	74.958	0.43731	74.958	74.735	75.173	0					19.0	8.0	3.0	0	0	0	0.01693	1	50946	50946		113.95	105.22	3	4999900.0			5944	564	3821	4129	7192	7192		101;102;103			0.1109311084615001
LMDATNSDYK	10	Oxidation (M),Thr->Ser	_LM(Oxidation (M))DAT(Thr->Ser)NSDYK_	LM(1)DATNSDYK	LMDAT(1)NSDYK	LM(98)DATNSDYK	LMDAT(98)NSDYK	0	1	1	0	FBpp0311507	FBpp0311507	FBpp0311507	MULTI-MSMS	47663_e10670_MB032_Pupae_Thr_tRNA_05	580.2513427734375	2	580.250428	1158.4863	1.4218	0.00082499	0.33254	0.00019296	1.7543	0.0010179	580.2507085560254	24.657	0.47079	24.657	24.473	24.944	0					17.0	9.0	3.0	0	0	0	0.0076965	1	12744	12744		111.61	95.975	1	1504500.0			4692	611	3053	3280	5678	5678	297	123			-0.0866001298420542
EQVFEQAAQELKPTIPDSK	19	Thr->Ser	_EQVFEQAAQELKPT(Thr->Ser)IPDSK_		EQVFEQAAQELKPT(1)IPDSK		EQVFEQAAQELKPT(43)IPDSK	0	0	1	1	FBpp0311791	FBpp0311791	FBpp0311791	MULTI-MSMS	47663_e10670_MB032_Pupae_Thr_tRNA_05	715.70361328125	3	715.367181	2143.07971	2.288	0.0016368	-0.19161	-0.00013707	2.0964	0.0014997	715.7014849510522	64.2	0.48978	64.2	63.909	64.399	0					20.0	9.0	3.0	0	0	0	0.0002618	1	42767	42767		110.77	106.32	1	3313500.0			2032	670	1361	1456	2405	2405		150			0.0538968009041127
TNGYDYSTMYRSSDYTYMK	19	Thr->Ser	_TNGYDYSTMYRSSDYT(Thr->Ser)YMK_		TNGYDYST(0.001)MYRSSDYT(0.999)YMK		T(-56)NGYDYST(-29)MYRSSDYT(29)YMK	0	0	1	1	FBpp0311765	FBpp0311765	FBpp0311765	MULTI-MSMS	47663_e10670_MB032_Pupae_Thr_tRNA_05	777.9899291992188	3	777.989276	2330.946	1.8693	0.0014543	-0.041971	-3.2653e-05	1.8273	0.0014216	778.3237579477269	54.298	1.1406	54.298	53.898	55.038	0					69.0	23.0	5.0	0	0	0	0.00029881	2	35121	35121;35647		108.92	107.42	3	5906100.0			7937	659	5102	5500	9626;9627	9626		149			-0.1662367006906606
FTIPADQTK	9	2 Thr->Ser	_FT(Thr->Ser)IPADQT(Thr->Ser)K_		FT(1)IPADQT(1)K		FT(89)IPADQT(89)K	0	0	2	0	FBpp0311705	FBpp0311705	FBpp0311705	MSMS	47663_e10670_MB032_Pupae_Thr_tRNA_05	496.7568054199219	2	496.756007	991.497461								41.299	1.0	41.299	40.799	41.799	0								0	0	0	0.011107	1	25415	25415		107.01	84.516	1				2576	652	1682	1807	3090	3090		137;138			0.0013717717224608
TDATCNGNLEDVK	13	Thr->Ser	_T(Thr->Ser)DATCNGNLEDVK_		T(0.5)DAT(0.5)CNGNLEDVK		T(0)DAT(0)CNGNLEDVK	0	0	1	0	FBpp0310995;FBpp0311009;FBpp0310997;FBpp0310998;FBpp0310996;FBpp0310994;FBpp0310999	FBpp0310995	FBpp0310995	MULTI-MSMS	47663_e10670_MB032_Pupae_Thr_tRNA_05	711.8136596679688	2	711.811913	1421.60927	1.6192	0.0011526	0.053813	3.8305e-05	1.6731	0.0011909	711.8121766285769	12.245	0.42647	12.245	12.082	12.509	0					30.0	8.0	6.0	0	0	0	0.05793	1	3200	3200		105.4	82.077	2	28685000.0			7640	528	4935	5310	9245	9245		93;94			-0.0846680132360688
LLTMAGIEDCYTSARGSTGTLGNFAK	26	Thr->Ser	_LLTMAGIEDCYTSARGSTGT(Thr->Ser)LGNFAK_		LLT(0.002)MAGIEDCYT(0.13)SARGST(0.33)GT(0.538)LGNFAK		LLT(-24)MAGIEDCYT(-6.2)SARGST(-2.1)GT(2.1)LGNFAK	0	0	1	1	FBpp0311561	FBpp0311561	FBpp0311561	MULTI-MSMS	47663_e10670_MB032_Pupae_Thr_tRNA_05	907.776123046875	3	907.438793	2719.29455	2.5359	0.0023012	0.18044	0.00016374	2.7163	0.0024649	907.7741874686224	74.828	0.29668	74.828	74.686	74.983	0					16.0	5.0	4.0	0	0	0	2.0792e-07	1	50862	50862		105.16	98.281	4	2258300.0			4676	623	3044	3270	5661	5661		132;133			0.0036749078149114
CAAFIPSFSYHPETNSCEK	19	Thr->Ser	_CAAFIPSFSYHPET(Thr->Ser)NSCEK_		CAAFIPSFSYHPET(1)NSCEK		CAAFIPSFSYHPET(31)NSCEK	0	0	1	0	FBpp0311679	FBpp0311679	FBpp0311679	MULTI-MSMS	47663_e10670_MB032_Pupae_Thr_tRNA_05	744.6838989257812	3	744.322589	2229.94594	2.6202	0.0019503	0.6278	0.00046729	3.248	0.0024176	744.6569073916593	62.53	0.52831	62.53	62.277	62.805	0					25.0	10.0	4.0	0	0	0	0.0002881	2	41524	41449;41524		104.61	100.26	1	3279200.0			784	645	547	577	916;917	917		135			-0.1198362527843528
VEIIANDQGNRTTPSYVAFTDTERLIGDAAK	31	Thr->Ser	_VEIIANDQGNRTTPSYVAFT(Thr->Ser)DTERLIGDAAK_		VEIIANDQGNRT(0.005)T(0.005)PSYVAFT(0.855)DT(0.134)ERLIGDAAK		VEIIANDQGNRT(-22)T(-22)PSYVAFT(8.1)DT(-8.1)ERLIGDAAK	0	0	1	2	FBpp0307982	FBpp0307982	FBpp0307982	MULTI-MSMS	47663_e10670_MB032_Pupae_Thr_tRNA_05	839.178955078125	4	838.675842	3350.67426	2.1819	0.0018299	-0.31248	-0.00026207	1.8695	0.0015679	838.9270315747267	76.196	0.68639	76.196	75.759	76.445	0					40.0	13.0	5.0	0	0	0	2.5744e-09	1	51883	51883		102.39	95.202	4	3986400.0			8259	132	5312	5729	10028	10028		34;35			0.0929521947164175
EQFTALLRDVK	11	Thr->Ser	_EQFT(Thr->Ser)ALLRDVK_		EQFT(1)ALLRDVK		EQFT(71)ALLRDVK	0	0	1	1	FBpp0309072	FBpp0309072	FBpp0309072	MULTI-MSMS	47663_e10670_MB032_Pupae_Thr_tRNA_05	653.3645629882812	2	653.361702	1304.70885	2.1896	0.0014306	0.77062	0.0005035	2.9603	0.0019341	653.362443148918	51.81	0.33672	51.81	51.6	51.937	0					14.0	6.0	3.0	0	0	0	0.0085433	1	33434	33434		99.815	67.944	1	1945100.0			1976	261	1338	1427	2331	2331		65			0.0686842914333283
SYSNYGHFDYTFFNDYYTK	19	Thr->Ser	_SYSNYGHFDYTFFNDYYT(Thr->Ser)K_		SYSNYGHFDYT(0.001)FFNDYYT(0.999)K		SYSNYGHFDYT(-31)FFNDYYT(31)K	0	0	1	0	FBpp0311765	FBpp0311765	FBpp0311765	MULTI-MSMS	47663_e10670_MB032_Pupae_Thr_tRNA_05	807.0071411132812	3	806.671041	2416.99129	2.109	0.0017013	0.65467	0.0005281	2.7637	0.0022294	807.0057426009877	76.336	1.1705	76.336	75.711	76.881	0					69.0	23.0	5.0	0	0	0	0.00033991	1	51610	51610		96.718	89.358	2	21782000.0			7564	659	4901	5273	9134	9134		148			-0.1605236022005556
TVTNAVITVPAYFNDSQRQATK	22	3 Thr->Ser	_T(Thr->Ser)VT(Thr->Ser)NAVIT(Thr->Ser)VPAYFNDSQRQATK_		T(1)VT(1)NAVIT(1)VPAYFNDSQRQAT(0.001)K		T(39)VT(39)NAVIT(36)VPAYFNDSQRQAT(-36)K	0	0	3	1	FBpp0307982	FBpp0307982	FBpp0307982	MULTI-MSMS	47663_e10670_MB032_Pupae_Thr_tRNA_05	795.074951171875	3	794.739789	2381.19754	2.9072	0.0023104	-0.15024	-0.0001194	2.7569	0.002191	795.0741214519879	60.448	0.62897	60.448	60.147	60.776	0					39.0	12.0	4.0	0	0	0	2.2683e-05	1	39840	39840		96.016	90.807	4	4565000.0			8080	132	5206	5615	9794	9794		31;32;33			0.0621863267911066
FACFERTLELLYK	13	Thr->Ser	_FACFERT(Thr->Ser)LELLYK_		FACFERT(1)LELLYK		FACFERT(65)LELLYK	0	0	1	1	FBpp0309580;FBpp0309579	FBpp0309580	FBpp0309580	MULTI-MSMS	47663_e10670_MB032_Pupae_Thr_tRNA_05	559.62451171875	3	559.288598	1674.84396	1.7558	0.00098201	0.30622	0.00017127	2.0621	0.0011533	559.6227136782129	74.087	0.9219	74.087	73.58	74.502	0					51.0	18.0	6.0	0	0	0	0.0030001	1	50182	50182		95.428	87.514	1	11785000.0			2211	353	1483	1585	2607	2607		75			0.0335354122278204
TLIDALDAILPPARPTDK	18	Thr->Ser	_TLIDALDAILPPARPT(Thr->Ser)DK_		TLIDALDAILPPARPT(1)DK		T(-64)LIDALDAILPPARPT(64)DK	0	0	1	1	FBpp0311273;FBpp0311272	FBpp0311273	FBpp0311273	MULTI-MSMS	47663_e10670_MB032_Pupae_Thr_tRNA_05	636.3612060546875	3	636.026319	1905.05713	1.5402	0.0009796	-0.29064	-0.00018486	1.2495	0.00079474	636.0263459385257	93.863	1.0344	93.863	93.097	94.131	0					30.0	20.0	2.0	0	0	0	0.0006992	1	65202	65202		94.973	89.129	2	9634100.0			7885	564	5073	5466	9563	9563		105;106			0.1408012548345141
TIIYVLTK	8	2 Thr->Ser	_T(Thr->Ser)IIYVLT(Thr->Ser)K_		T(1)IIYVLT(1)K		T(86)IIYVLT(86)K	0	0	2	0	FBpp0311973;FBpp0307690	FBpp0311973	FBpp0311973	MULTI-MSMS	47663_e10670_MB032_Pupae_Thr_tRNA_05	461.7847595214844	2	461.784036	921.553519	1.2855	0.00059364	-0.065196	-3.0107e-05	1.2203	0.00056353	461.7840434206983	52.467	0.51807	52.467	52.207	52.725	0					22.0	10.0	3.0	0	0	0	0.046393	1	33859	33859		91.516	73.955	1	2967700.0			7811	98	5035	5422	9469	9469		17;18			0.0896043007970774
EITALAPSTMK	11	Oxidation (M),Thr->Ser	_EITALAPST(Thr->Ser)M(Oxidation (M))K_	EITALAPSTM(1)K	EITALAPST(1)MK	EITALAPSTM(61)K	EIT(-40)ALAPST(40)MK	0	1	1	0	FBpp0311818	FBpp0311818	FBpp0311818	MULTI-SECPEP	47663_e10670_MB032_Pupae_Thr_tRNA_05	582.3028564453125	2	582.302464	1162.59037	0.8429	0.00049082	-1.0084	-0.00058722	-0.16555	-9.6402e-05	582.3021665900887	35.409	0.55634	35.409	35.127	35.684	0					22.0	11.0	3.0	0	0	0	0.002987	1	21004	21004		90.108	78.339	2	1364800.0			1793	679	1217	1296	2113	2113	360	155			0.0155831384331577
ANSPGTGSTVRSLIFQRPETYTSK	24	Thr->Ser	_ANSPGTGST(Thr->Ser)VRSLIFQRPETYTSK_		ANSPGT(0.244)GST(0.682)VRSLIFQRPET(0.069)YT(0.005)SK		ANSPGT(-4.5)GST(4.5)VRSLIFQRPET(-9.9)YT(-22)SK	0	0	1	2	FBpp0311464;FBpp0311463	FBpp0311464	FBpp0311464	MULTI-MSMS	47663_e10670_MB032_Pupae_Thr_tRNA_05	647.086669921875	4	646.584496	2582.30888	1.71	0.0011057	-0.52593	-0.00034006	1.1841	0.00076561	646.8348496826579	53.374	0.56498	53.374	53.053	53.618	0					46.0	11.0	5.0	0	0	0	2.1107e-05	1	34526	34526		87.802	80.77	4	10572000.0			486	599	339	362	561	561		114;115			0.0810164731637996
DLYANTVLSGGTTMYPGIADRMQK	24	Thr->Ser	_DLYANTVLSGGTT(Thr->Ser)MYPGIADRMQK_		DLYANT(0.002)VLSGGT(0.359)T(0.638)MYPGIADRMQK		DLYANT(-24)VLSGGT(-2.5)T(2.5)MYPGIADRMQK	0	0	1	1	FBpp0311818	FBpp0311818	FBpp0311818	MULTI-MSMS	47663_e10670_MB032_Pupae_Thr_tRNA_05	864.0917358398438	3	863.420963	2587.24106	2.3766	0.002052	0.96906	0.00083671	3.3457	0.0028887	863.7559258620234	74.604	0.76993	74.604	74.262	75.032	0					35.0	15.0	4.0	0	0	0	2.9401e-05	1	50627	50627		87.659	80.466	3	5339600.0			1268	679	867	923	1481	1481		153;154			0.0109273806970122
VIDFNLDRTLDDFVK	15	Thr->Ser	_VIDFNLDRT(Thr->Ser)LDDFVK_		VIDFNLDRT(1)LDDFVK		VIDFNLDRT(38)LDDFVK	0	0	1	1	FBpp0312224	FBpp0312224	FBpp0312224	MULTI-MSMS	47663_e10670_MB032_Pupae_Thr_tRNA_05	599.6488647460938	3	599.312348	1794.91521	2.2836	0.0013686	-0.0029433	-1.7639e-06	2.2807	0.0013668	599.3122850587347	82.867	0.44655	82.867	82.654	83.101	0					22.0	8.0	3.0	0	0	0	0.0016317	1	56885	56885		87.519	87.519	1	6180200.0			8376	763	5391	5811	10165	10165		171			0.0495533246112245
SISRCTLK	8	Thr->Ser	_SISRCT(Thr->Ser)LK_		SISRCT(1)LK		SISRCT(59)LK	0	0	1	1	FBpp0311194	FBpp0311194	FBpp0311194	MSMS	47663_e10670_MB032_Pupae_Thr_tRNA_05	475.7576293945313	2	475.758027	949.5015								19.289	1.0	19.289	18.789	19.789	0								0	0	0	0.046883	1	8610	8610		86.472	29.295	1				7196	544	4674	5028	8694	8694		96			0.0247294339429799
STELLIRK	8	Thr->Ser	_ST(Thr->Ser)ELLIRK_		ST(1)ELLIRK		ST(85)ELLIRK	0	0	1	1	FBpp0309302	FBpp0309302	FBpp0309302	MULTI-MSMS	47663_e10670_MB032_Pupae_Thr_tRNA_05	473.2910461425781	2	473.290017	944.565481	1.9361	0.00091634	-0.065345	-3.0927e-05	1.8708	0.00088541	473.28988893678354	26.966	0.33344	26.966	26.742	27.075	0					15.0	6.0	3.0	0	0	0	0.022591	1	14507	14507		85.813	58.683	1	1180000.0			7462	306	4837	5203	9014	9014		72			0.0909804682290769
SRDETASDITK	11	Thr->Ser	_SRDET(Thr->Ser)ASDITK_		SRDET(1)ASDITK		SRDET(40)ASDIT(-40)K	0	0	1	1	FBpp0312393	FBpp0312393	FBpp0312393	MSMS	47663_e10670_MB032_Pupae_Thr_tRNA_05	604.7908935546875	2	604.791306	1207.56806								10.985	1.0	10.985	10.485	11.485	0								0	0	0	0.0077566	1	2223	2223		85.67	27.811	2				7402	778	4792	5157	8948	8948		178			-0.0274219430077664
RTAADTDENLK	11	Thr->Ser	_RT(Thr->Ser)AADTDENLK_		RT(0.853)AADT(0.147)DENLK		RT(7.6)AADT(-7.6)DENLK	0	0	1	1	FBpp0308553	FBpp0308553	FBpp0308553	MULTI-MSMS	47663_e10670_MB032_Pupae_Thr_tRNA_05	610.3012084960938	2	610.299298	1218.58404	2.3246	0.0014187	0.17129	0.00010454	2.4958	0.0015232	610.2994332517499	10.978	0.3376	10.978	10.808	11.146	0					19.0	6.0	5.0	0	0	0	0.0065091	1	2231	2231		84.615	12.923	2	14522000.0			6899	189	4451	4799	8339	8339		48			-0.0165048806386494
VDFGGVNAVDSSAQLLSGVQTVQSVPTSEYYRHEK	35	Thr->Ser	_VDFGGVNAVDSSAQLLSGVQT(Thr->Ser)VQSVPTSEYYRHEK_		VDFGGVNAVDSSAQLLSGVQT(0.999)VQSVPT(0.001)SEYYRHEK		VDFGGVNAVDSSAQLLSGVQT(31)VQSVPT(-31)SEYYRHEK	0	0	1	1	FBpp0307786	FBpp0307786	FBpp0307786	MULTI-MSMS	47663_e10670_MB032_Pupae_Thr_tRNA_05	939.7181396484376	4	939.214326	3752.8282	2.3964	0.0022507	0.21477	0.00020172	2.6111	0.0024524	939.4654028242988	79.083	0.43777	79.083	78.825	79.262	0					29.0	8.0	5.0	0	0	0	1.0896e-06	1	54045	54045		82.294	80.569	2	3530300.0			8218	105	5284	5699	9977	9977		22			0.061895844465198
LEQTLDELEDSLEREK	16	Thr->Ser	_LEQT(Thr->Ser)LDELEDSLEREK_		LEQT(1)LDELEDSLEREK		LEQT(38)LDELEDSLEREK	0	0	1	1	FBpp0312323	FBpp0312323	FBpp0312323	MULTI-MSMS	47663_e10670_MB032_Pupae_Thr_tRNA_05	645.3209228515625	3	644.984737	1931.93238	2.4769	0.0015975	-1.1332	-0.00073087	1.3437	0.00086667	645.3182574860725	66.52	0.71448	66.52	66.062	66.777	0					26.0	14.0	4.0	0	0	0	0.0023422	1	44561	44561		82.259	54.616	1	2354400.0			4439	769	2879	3096	5389	5389		175			0.0036916348558406
TFDYPDDDITRNYIQCIFVK	20	Thr->Ser	_T(Thr->Ser)FDYPDDDITRNYIQCIFVK_		T(1)FDYPDDDITRNYIQCIFVK		T(36)FDYPDDDIT(-36)RNYIQCIFVK	0	0	1	1	FBpp0308406	FBpp0308406	FBpp0308406	MULTI-MSMS	47663_e10670_MB032_Pupae_Thr_tRNA_05	837.3983764648438	3	837.061652	2508.16313	2.2427	0.0018773	0.13733	0.00011496	2.38	0.0019922	837.3962545245944	86.629	0.44353	86.629	86.353	86.796	0					27.0	8.0	4.0	0	0	0	0.00088958	1	59732	59732		81.723	78.624	2	5290000.0			7682	166	4971	5347	9290	9290		40			-0.0306295152404345
ANSPGTGSTVRSLIFQRPETYTSK	24	Thr->Ser	_ANSPGTGSTVRSLIFQRPET(Thr->Ser)YTSK_		ANSPGT(0.004)GST(0.022)VRSLIFQRPET(0.613)YT(0.361)SK		ANSPGT(-22)GST(-14)VRSLIFQRPET(2.3)YT(-2.3)SK	0	0	1	2	FBpp0311464;FBpp0311463	FBpp0311464	FBpp0311464	MULTI-MSMS	47663_e10670_MB032_Pupae_Thr_tRNA_05	646.5864868164062	4	646.584496	2582.30888	2.0406	0.0013194	0.81543	0.00052724	2.856	0.0018466	646.8356221446982	54.05	0.70673	54.05	53.805	54.511	0					33.0	14.0	3.0	0	0	0	8.7948e-05	1	35091	35091		81.373	78.645	4	3263300.0			488	599	339	362	563	563		114;115			0.0810164731637996
FSAIVDVTGTER	12	2 Thr->Ser	_FSAIVDVT(Thr->Ser)GT(Thr->Ser)ER_		FSAIVDVT(1)GT(1)ER		FSAIVDVT(33)GT(33)ER	0	0	2	0	FBpp0311464;FBpp0311463	FBpp0311464	FBpp0311464	MSMS	47663_e10670_MB032_Pupae_Thr_tRNA_05	633.8218994140625	2	633.819867	1265.62518								37.564	1.0	37.564	37.064	38.064	0								0	0	0	0.0084967	1	22576	22576		79.906	47.066	1				2537	599	1653	1777	3040	3040		116;117			0.0029927297559879
QTQTFTTYSDNQPGVLIQVYEGERAMTK	28	Thr->Ser	_QTQT(Thr->Ser)FTTYSDNQPGVLIQVYEGERAMTK_		QT(0.026)QT(0.324)FT(0.324)T(0.324)YSDNQPGVLIQVYEGERAMT(0.003)K		QT(-11)QT(0)FT(0)T(0)YSDNQPGVLIQVYEGERAMT(-20)K	0	0	1	1	FBpp0307982	FBpp0307982	FBpp0307982	MULTI-MSMS	47663_e10670_MB032_Pupae_Thr_tRNA_05	1064.85107421875	3	1064.51531	3190.52409	2.3408	0.0024919	-0.12523	-0.00013331	2.2156	0.0023585	1064.8494124380336	77.066	0.68604	77.066	76.832	77.518	0					31.0	13.0	4.0	0	0	0	5.5984e-05	1	52663	52663		79.558	73.778	5	5037700.0			6460	132	4209	4535	7799	7799		28;29;30			0.0164515620840575
AEVAENVVETFEEPAAPMEAEVAETILETNVVSTTELPEIK	41	Acetyl (Protein N-term),Thr->Ser	_(Acetyl (Protein N-term))AEVAENVVET(Thr->Ser)FEEPAAPMEAEVAETILETNVVSTTELPEIK_		AEVAENVVET(0.557)FEEPAAPMEAEVAET(0.378)ILET(0.042)NVVST(0.013)T(0.011)ELPEIK		AEVAENVVET(1.7)FEEPAAPMEAEVAET(-1.7)ILET(-11)NVVST(-16)T(-17)ELPEIK	1	0	1	0	FBpp0311353;FBpp0309958;FBpp0309957	FBpp0311353	FBpp0311353	MULTI-SECPEP	47663_e10670_MB032_Pupae_Thr_tRNA_05	1114.931396484375	4	1115.04774	4456.16185	2.6679	0.0029749	0.89503	0.000998	3.563	0.0039729	1115.5521782349688	111.83	0.2967	111.83	111.61	111.91	0					14.0	5.0	6.0	0	0	0	9.4844e-07	1	78779	78779		77.788	76.539	5	3059800.0			157	412	118	126	184	184		82			0.0720198301296477
DAGVIAGLQVMRIINEPTAAAIAYGLDK	28	Thr->Ser	_DAGVIAGLQVMRIINEPT(Thr->Ser)AAAIAYGLDK_		DAGVIAGLQVMRIINEPT(1)AAAIAYGLDK		DAGVIAGLQVMRIINEPT(17)AAAIAYGLDK	0	0	1	1	FBpp0311376	FBpp0311376	FBpp0311376	MULTI-MSMS	47663_e10670_MB032_Pupae_Thr_tRNA_05	953.5181274414062	3	952.847781	2855.52151	1.3342	0.0012713	0.34947	0.00033299	1.6837	0.0016043	953.5158651093544	101.6	0.39513	101.6	101.33	101.72	0					17.0	7.0	4.0	0	0	0	8.3151e-05	1	71096	71096		77.065	72.58	1	4605100.0			937	580	656	692	1089	1089		111			0.167973973320386
ISDSDRTTILDK	12	Thr->Ser	_ISDSDRTT(Thr->Ser)ILDK_		ISDSDRT(0.318)T(0.682)ILDK		ISDSDRT(-3.3)T(3.3)ILDK	0	0	1	1	FBpp0307982	FBpp0307982	FBpp0307982	MULTI-MSMS	47663_e10670_MB032_Pupae_Thr_tRNA_05	450.5690307617188	3	450.568418	1348.68342	1.7924	0.00080761	-0.1921	-8.6554e-05	1.6003	0.00072105	450.5683860963099	28.284	0.42288	28.284	28.075	28.498	0					17.0	8.0	3.0	0	0	0	0.018699	1	15549	15549		76.326	58.739	2	1167400.0			3837	132	2512	2702	4617	4617		27			0.0230290983024588
PFEFTLDVTSDK	12	Thr->Ser	_PFEFTLDVT(Thr->Ser)SDK_		PFEFT(0.3)LDVT(0.7)SDK		PFEFT(-3.7)LDVT(3.7)SDK	0	0	1	0	FBpp0311507	FBpp0311507	FBpp0311507	MSMS	47663_e10670_MB032_Pupae_Thr_tRNA_05	692.8363037109375	2	692.835182	1383.65581								75.48	1.0	75.48	74.98	75.98	0								0	0	0	0.015108	1	51291	51291		76.302	57.522	2				5909	611	3795	4101	7152	7152		124;125			-0.0206699343000309
IELNDVGTKVR	11	Thr->Ser	_IELNDVGT(Thr->Ser)KVR_		IELNDVGT(1)KVR		IELNDVGT(40)KVR	0	0	1	1	FBpp0311633	FBpp0311633	FBpp0311633	MULTI-MSMS	47663_e10670_MB032_Pupae_Thr_tRNA_05	615.3475341796875	2	615.346052	1228.67755	2.2707	0.0013973	-0.46392	-0.00028547	1.8068	0.0011118	615.3458679457082	31.166	0.70871	31.166	30.731	31.439	0					22.0	14.0	3.0	0	0	0	0.045427	1	17621	17621		75.109	54.806	1	4068100.0			3476	633	2277	2448	4200	4200		134			0.0723585610924146
DRTTYTELYYYTMMAFDGK	19	Thr->Ser	_DRT(Thr->Ser)TYTELYYYTMMAFDGK_		DRT(0.433)T(0.433)YT(0.134)ELYYYTMMAFDGK		DRT(0)T(0)YT(-5.1)ELYYYT(-33)MMAFDGK	0	0	1	1	FBpp0311765	FBpp0311765	FBpp0311765	MULTI-MSMS	47663_e10670_MB032_Pupae_Thr_tRNA_05	786.0180053710938	3	785.681783	2354.02352	2.6332	0.0020689	-0.2009	-0.00015785	2.4323	0.001911	786.0160088719051	95.764	0.58948	95.764	95.418	96.007	0					33.0	11.0	5.0	0	0	0	0.0029266	1	66740	66740		74.698	72.122	4	2439500.0			1373	659	933	995	1607	1607		139;140			-0.0993303213290346
STQQAENEESAAAK	14	Acetyl (Protein N-term),Thr->Ser	_(Acetyl (Protein N-term))ST(Thr->Ser)QQAENEESAAAK_		ST(1)QQAENEESAAAK		ST(41)QQAENEESAAAK	1	0	1	0	FBpp0310007	FBpp0310007	FBpp0310007	MULTI-MSMS	47663_e10670_MB032_Pupae_Thr_tRNA_05	746.3336181640625	2	746.331524	1490.64849	3.0543	0.0022795	-0.23436	-0.00017491	2.82	0.0021046	746.3313715544242	11.343	0.38047	11.343	11.146	11.526	0					23.0	7.0	4.0	0	0	0	0.0020477	1	2500	2500		73.985	47.312	1	3144100.0			7478	423	4849	5216	9031	9031		84			-0.0772037776837351
VARDYGVLDEETGIPFRGLFIIDDK	25	Thr->Ser	_VARDYGVLDEET(Thr->Ser)GIPFRGLFIIDDK_		VARDYGVLDEET(1)GIPFRGLFIIDDK		VARDYGVLDEET(21)GIPFRGLFIIDDK	0	0	1	2	FBpp0311371;FBpp0308757;FBpp0308756	FBpp0311371	FBpp0311371	MULTI-MSMS	47663_e10670_MB032_Pupae_Thr_tRNA_05	707.3836059570312	4	706.868354	2823.44431	1.6626	0.0011753	-0.27208	-0.00019232	1.3906	0.00098294	707.1189928260262	90.24	0.49172	90.24	90.044	90.536	0					16.0	9.0	3.0	0	0	0	0.00020612	1	62527	62527		73.805	67.578	1	2057400.0			8155	221	5255	5667	9886	9886		64			0.1055250238728149
KTVPQGGK	8	Thr->Ser	_KT(Thr->Ser)VPQGGK_		KT(1)VPQGGK		KT(52)VPQGGK	0	0	1	1	FBpp0310750	FBpp0310750	FBpp0310750	MULTI-MSMS	47663_e10670_MB032_Pupae_Thr_tRNA_05	400.7351989746094	2	400.734877	799.455202	1.9206	0.00076965	-0.13092	-5.2464e-05	1.7897	0.00071719	400.7348556253808	11.268	0.66335	11.268	11.005	11.668	0					27.0	13.0	4.0	0	0	0	0.041758	1	2422	2422		73.616	10.958	1	9229600.0			4143	512	2720	2925	4978	4978		89			0.0474524655452341
LTEAAEPTGKSK	12	2 Thr->Ser	_LT(Thr->Ser)EAAEPT(Thr->Ser)GKSK_		LT(1)EAAEPT(1)GKSK		LT(68)EAAEPT(68)GKSK	0	0	2	1	FBpp0309085	FBpp0309085	FBpp0309085	MULTI-MSMS	47663_e10670_MB032_Pupae_Thr_tRNA_05	602.3154296875	2	602.314417	1202.61428	2.3319	0.0014045	-0.49206	-0.00029637	1.8398	0.0011082	602.3139069070851	17.181	0.32624	17.181	17.003	17.329	0					12.0	5.0	3.0	0	0	0	0.037099	1	7029	7029		73.157	50.444	1	1267200.0			4943	264	3224	3463	5988	5988		66;67			0.0210787060132133
TELASSSRKPEIK	13	Thr->Ser	_T(Thr->Ser)ELASSSRKPEIK_		T(1)ELASSSRKPEIK		T(46)ELASSSRKPEIK	0	0	1	2	FBpp0307030;FBpp0307031	FBpp0307030	FBpp0307030	MULTI-SECPEP	47663_e10670_MB032_Pupae_Thr_tRNA_05	716.3948364257812	2	716.39373	1430.77291	1.9302	0.0013828	0.34704	0.00024861	2.2772	0.0016314	716.3939404461827	54.254	0.516	54.254	54.041	54.557	0					34.0	10.0	4.0	0	0	0	0.0087338	1	35186	35186		72.643	31.103	1	8867800.0			7666	26	4957	5332	9274	9274		6			0.0747516450962848
YKPESDDLSAETIEAFLK	18	Thr->Ser	_YKPESDDLSAET(Thr->Ser)IEAFLK_		YKPESDDLSAET(1)IEAFLK		YKPESDDLSAET(39)IEAFLK	0	0	1	1	FBpp0312224	FBpp0312224	FBpp0312224	MULTI-MSMS	47663_e10670_MB032_Pupae_Thr_tRNA_05	681.6721801757812	3	681.336999	2040.98917	2.4434	0.0016648	0.71045	0.00048406	3.1538	0.0021488	681.6718425183059	79.951	0.43744	79.951	79.803	80.24	0					24.0	8.0	5.0	0	0	0	0.0043465	1	54712	54712		71.872	64.339	1	4174600.0			9065	763	5852	6299	10996	10996		172			0.0103121104220917
GILAADESGPTMGK	14	Thr->Ser	_GILAADESGPT(Thr->Ser)MGK_		GILAADESGPT(1)MGK		GILAADESGPT(59)MGK	0	0	1	0	FBpp0308680	FBpp0308680	FBpp0308680	MSMS	47663_e10670_MB032_Pupae_Thr_tRNA_05	666.8281860351562	2	666.826834	1331.63912								43.914	1.0	43.914	43.414	44.414	0								0	0	0	0.025725	1	27395	27395		71.066	52.693	1				2904	208	1868	2014	3536	3536		58			-0.01343817587599
QLQHTLNEVQSK	12	Thr->Ser	_QLQHT(Thr->Ser)LNEVQSK_		QLQHT(1)LNEVQSK		QLQHT(47)LNEVQSK	0	0	1	0	FBpp0312323	FBpp0312323	FBpp0312323	MULTI-MSMS	47663_e10670_MB032_Pupae_Thr_tRNA_05	470.9165954589844	3	470.91604	1409.72629	1.3186	0.00062093	0.067696	3.1879e-05	1.3863	0.00065281	471.250460796554	22.374	0.41108	22.374	22.123	22.534	0					21.0	8.0	3.0	0	0	0	0.020496	1	10969	10969		70.089	63.185	1	1489700.0			6349	769	4126	4447	7667	7667		176			0.0378172467831063
IFHRDEHTNVV	11	Thr->Ser	_IFHRDEHT(Thr->Ser)NVV_		IFHRDEHT(1)NVV		IFHRDEHT(43)NVV	0	0	1	1	FBpp0311507	FBpp0311507	FBpp0311507	MULTI-MSMS	47663_e10670_MB032_Pupae_Thr_tRNA_05	451.56292724609375	3	451.561709	1351.6633	1.1717	0.00052911	0.50195	0.00022666	1.6737	0.00075577	451.561977395524	21.515	1.2096	21.515	20.958	22.167	0					70.0	25.0	5.0	0	0	0	0.041174	1	10312	10312		69.979	68.0	1	18128000.0			3498	611	2297	2468	4222	4222		122			0.0015320368095217
LLTATESEVATQNRK	15	Thr->Ser	_LLTAT(Thr->Ser)ESEVATQNRK_		LLT(0.19)AT(0.808)ESEVAT(0.002)QNRK		LLT(-6.3)AT(6.3)ESEVAT(-27)QNRK	0	0	1	1	FBpp0311407;FBpp0308613	FBpp0311407	FBpp0311407	MULTI-MSMS	47663_e10670_MB032_Pupae_Thr_tRNA_05	549.629638671875	3	549.628448	1645.86351	2.0845	0.0011457	-0.095041	-5.2237e-05	1.9895	0.0010935	549.6285398224278	29.805	0.31736	29.805	29.624	29.942	0					21.0	6.0	4.0	0	0	0	0.0029856	1	16688	16688		69.331	62.498	3	1241500.0			4667	194	3042	3266	5648	5648		53;54			0.0664158876722922
RGILTLK	7	Thr->Ser	_RGILT(Thr->Ser)LK_		RGILT(1)LK		RGILT(38)LK	0	0	1	1	FBpp0311818;FBpp0309075;FBpp0312019	FBpp0311818;FBpp0312019	FBpp0311818	MULTI-MSMS	47663_e10670_MB032_Pupae_Thr_tRNA_05	393.7642211914063	2	393.763438	785.512323	1.4441	0.00056863	-0.017151	-6.7534e-06	1.4269	0.00056187	393.7633925824352	36.904	0.4298	36.904	36.623	37.053	0					22.0	8.0	3.0	0	0	0	0.056081	1	22010	22010		68.915	25.915	1	3152600.0			6634	679;714	4316	4647	8020	8020		157			0.1109871383089284
TRVYVIGVGMTK	12	Thr->Ser	_T(Thr->Ser)RVYVIGVGMTK_		T(0.983)RVYVIGVGMT(0.017)K		T(18)RVYVIGVGMT(-18)K	0	0	1	1	FBpp0311123	FBpp0311123	FBpp0311123	MULTI-MSMS	47663_e10670_MB032_Pupae_Thr_tRNA_05	655.3707275390625	2	655.368472	1308.72239	1.7523	0.0011484	0.20429	0.00013389	1.9566	0.0012823	655.3686225880224	44.069	0.42891	44.069	43.848	44.277	0					16.0	8.0	3.0	0	0	0	0.043842	1	27533	27533		68.069	44.749	2	1497700.0			8005	535	5147	5552	9707	9707		95			0.0803796365091784
TILVLYLTNK	10	2 Thr->Ser	_T(Thr->Ser)ILVLYLT(Thr->Ser)NK_		T(1)ILVLYLT(1)NK		T(42)ILVLYLT(42)NK	0	0	2	0	FBpp0309181;FBpp0309180;FBpp0309179;FBpp0309178	FBpp0309181	FBpp0309181	MULTI-SECPEP	47663_e10670_MB032_Pupae_Thr_tRNA_05	575.5798950195312	2	575.347532	1148.68051	2.1143	0.0012164	0.67992	0.00039119	2.7942	0.0016076	575.3479468094031	81.343	0.83405	81.343	80.98	81.814	0					48.0	16.0	5.0	0	0	0	0.016723	1	55756	55756		67.981	52.015	1	52415000.0			7823	283	5043	5431	9484	9484		70;71			0.1121173123403878
DLYANIVMSGGTTMYPGIADRMQK	24	Thr->Ser	_DLYANIVMSGGT(Thr->Ser)TMYPGIADRMQK_		DLYANIVMSGGT(0.5)T(0.5)MYPGIADRMQK		DLYANIVMSGGT(0)T(0)MYPGIADRMQK	0	0	1	1	FBpp0312019	FBpp0312019	FBpp0312019	MULTI-MSMS	47663_e10670_MB032_Pupae_Thr_tRNA_05	873.7526245117188	3	873.418565	2617.23386	2.526	0.0022063	0.28432	0.00024833	2.8103	0.0024546	873.7535561860689	81.021	0.39243	81.021	80.832	81.224	0					13.0	7.0	2.0	0	0	0	0.0007137	1	55504	55504		66.853	59.741	2	1941200.0			1257	714	866	919	1466	1466		164;165			-0.0100631780233015
PFEFTLDVTSDK	12	Thr->Ser	_PFEFT(Thr->Ser)LDVTSDK_		PFEFT(0.831)LDVT(0.169)SDK		PFEFT(6.9)LDVT(-6.9)SDK	0	0	1	0	FBpp0311507	FBpp0311507	FBpp0311507	MSMS	47663_e10670_MB032_Pupae_Thr_tRNA_05	692.7334594726562	2	692.835182	1383.65581								76.604	1.0	76.604	76.104	77.104	0								0	0	0	0.044233	1	52142	52142		65.627	49.737	2				5910	611	3795	4101	7153	7153		124;125			-0.0206699343000309
TEDLADSDEILK	12	Thr->Ser	_T(Thr->Ser)EDLADSDEILK_		T(1)EDLADSDEILK		T(65)EDLADSDEILK	0	0	1	0	FBpp0308553	FBpp0308553	FBpp0308553	MSMS	47663_e10670_MB032_Pupae_Thr_tRNA_05	667.8217163085938	2	667.819729	1333.62491								45.952	1.0	45.952	45.452	46.452	0								0	0	0	0.045497	1	28940	28940		65.474	30.205	1				7659	189	4952	5327	9265	9265		49			-0.0285619153489733
LLTMAGIEDCYTSARGSTGTLGNFAK	26	Thr->Ser	_LLTMAGIEDCYT(Thr->Ser)SARGSTGTLGNFAK_		LLT(0.029)MAGIEDCYT(0.462)SARGST(0.254)GT(0.254)LGNFAK		LLT(-12)MAGIEDCYT(2.6)SARGST(-2.6)GT(-2.6)LGNFAK	0	0	1	1	FBpp0311561	FBpp0311561	FBpp0311561	MULTI-SECPEP	47663_e10670_MB032_Pupae_Thr_tRNA_05	907.8331909179688	3	907.438793	2719.29455	2.4674	0.002239	-2.4879	-0.0022576	-0.020542	-1.8641e-05	907.4343516578384	74.378	0.62109	74.378	74.017	74.638	0					32.0	12.0	3.0	0	0	0	7.5568e-05	1	50397	50397		65.423	53.109	4	9838000.0			4677	623	3044	3270	5662	5662		132;133			0.0036749078149114
IFREYLRIPTVHPNVDYTVCTEFLK	25	2 Thr->Ser	_IFREYLRIPTVHPNVDYT(Thr->Ser)VCT(Thr->Ser)EFLK_		IFREYLRIPT(0.051)VHPNVDYT(0.999)VCT(0.95)EFLK		IFREYLRIPT(-13)VHPNVDYT(29)VCT(13)EFLK	0	0	2	2	FBpp0310703	FBpp0310703	FBpp0310703	MULTI-MSMS	47663_e10670_MB032_Pupae_Thr_tRNA_05	617.5230102539062	5	617.322199	3081.57461	1.737	0.0010723	-0.43125	-0.00026622	1.3058	0.00080608	617.5226328336305	74.144	0.48531	74.144	73.871	74.356	0					36.0	9.0	5.0	0	0	0	0.0003993	1	50293	50293		63.979	57.818	3	16428000.0			3507	508	2303	2475	4233	4233		86;87			0.1170877511463004
TKADMLGLAAKYFAAQK	17	Oxidation (M),Thr->Ser	_T(Thr->Ser)KADM(Oxidation (M))LGLAAKYFAAQK_	TKADM(1)LGLAAKYFAAQK	T(1)KADMLGLAAKYFAAQK	TKADM(21)LGLAAKYFAAQK	T(21)KADMLGLAAKYFAAQK	0	1	1	2	FBpp0308700	FBpp0308700	FBpp0308700	MULTI-MSMS	47663_e10670_MB032_Pupae_Thr_tRNA_05	914.986083984375	2	914.984929	1827.9553	1.8549	0.0016972	-0.32593	-0.00029823	1.529	0.001399	914.9847303384172	21.045	0.57867	21.045	20.811	21.39	0					41.0	11.0	5.0	0	0	0	0.015111	1	9926	9926		63.624	47.384	1	14680000.0			7861	212	5054	5446	9538	9538	108	60			0.0744455586004733
IPGATAK	7	Thr->Ser	_IPGAT(Thr->Ser)AK_		IPGAT(1)AK		IPGAT(63)AK	0	0	1	0	FBpp0373666	FBpp0373666	FBpp0373666	MULTI-SECPEP	47663_e10670_MB032_Pupae_Thr_tRNA_05	642.8441772460938	1	643.377352	642.370075	1.7113	0.001101	0.67942	0.00043712	2.3908	0.0015382	643.3777057956972	14.708	0.51403	14.708	14.414	14.928	0					22.0	10.0	3.0	0	0	0	0.058875	1	5095	5095		63.394	20.426	1	1203500.0			3754	812	2460	2646	4522	4522		183			0.0345850108872127
TVTNAVITVPAYFNDSQRQATK	22	Thr->Ser	_T(Thr->Ser)VTNAVITVPAYFNDSQRQATK_		T(0.787)VT(0.18)NAVIT(0.017)VPAYFNDSQRQAT(0.016)K		T(6.4)VT(-6.4)NAVIT(-17)VPAYFNDSQRQAT(-17)K	0	0	1	1	FBpp0307982	FBpp0307982	FBpp0307982	MULTI-SECPEP	47663_e10670_MB032_Pupae_Thr_tRNA_05	804.612548828125	3	804.083556	2409.22884	2.5881	0.0020811	-0.017088	-1.374e-05	2.571	0.0020673	804.4182811840656	65.543	0.73788	65.543	65.23	65.968	0					34.0	14.0	4.0	0	0	0	0.0021365	1	44004	44004		63.165	56.589	4	4025000.0			8084	132	5206	5617	9800	9800		31;32;33			0.0805920571319802
GAIGTIK	7	Thr->Ser	_GAIGT(Thr->Ser)IK_		GAIGT(1)IK		GAIGT(43)IK	0	0	1	0	UNDEFINED	REV__FBpp0310725	REV__FBpp0310725	MULTI-SECPEP	47663_e10670_MB032_Pupae_Thr_tRNA_05	645.3270874023438	1	645.393002	644.385725	1.2745	0.00082257	0.6581	0.00042473	1.9326	0.0012473	645.3933537218352	13.047	0.6658	13.047	12.749	13.415	0					35.0	13.0	3.0	0	0	0	0.060749	1	3675	3675		61.997	61.997	1	4191500.0	+		2727	828	1755	1891	3329	3329		184			0.0493078760575826
TIVSHYWHLMETYPEYHK	18	Oxidation (M),Thr->Ser	_TIVSHYWHLM(Oxidation (M))ET(Thr->Ser)YPEYHK_	TIVSHYWHLM(1)ETYPEYHK	T(0.008)IVSHYWHLMET(0.992)YPEYHK	TIVSHYWHLM(30)ETYPEYHK	T(-21)IVSHYWHLMET(21)YPEYHK	0	1	1	0	FBpp0311507	FBpp0311507	FBpp0311507	MULTI-MSMS	47663_e10670_MB032_Pupae_Thr_tRNA_05	585.026123046875	4	584.775574	2335.07319	1.5091	0.0008825	-0.10344	-6.0488e-05	1.4057	0.00082202	585.0261691523303	52.539	0.37553	52.539	52.395	52.77	0					12.0	7.0	2.0	0	0	0	0.012403	1	33999	33999		61.757	52.736	2	1941100.0			7837	611	5052	5441	9503	9503	299	128;129			-0.0409453634192686
QSDSETLLELAAFPHPNK	18	Thr->Ser	_QSDSET(Thr->Ser)LLELAAFPHPNK_		QSDSET(1)LLELAAFPHPNK		QSDSET(24)LLELAAFPHPNK	0	0	1	0	FBpp0311464;FBpp0311463	FBpp0311464	FBpp0311464	MULTI-SECPEP	47663_e10670_MB032_Pupae_Thr_tRNA_05	660.96728515625	3	661.66545	1981.97452	1.7887	0.0011835	-1.6959	-0.0011221	0.09271	6.1343e-05	661.998798803465	92.405	0.29497	92.405	92.207	92.502	0					8.0	5.0	2.0	0	0	0	0.0060655	1	64021	64021		61.692	57.658	1	323690.0			6425	599	4185	4509	7758	7758		118			0.022811836846813
PFISLGSSGGTKPK	14	Thr->Ser	_PFISLGSSGGT(Thr->Ser)KPK_		PFISLGSSGGT(1)KPK		PFISLGSSGGT(50)KPK	0	0	1	1	FBpp0307275	FBpp0307275	FBpp0307275	MULTI-MSMS	47663_e10670_MB032_Pupae_Thr_tRNA_05	681.3776245117188	2	681.374809	1360.73507	2.6493	0.0018052	0.4147	0.00028257	3.064	0.0020877	681.3750571998155	63.518	0.52669	63.518	63.287	63.813	0					28.0	10.0	4.0	0	0	0	0.058645	1	42254	42254		60.102	50.182	1	2083800.0			5911	55	3796	4102	7154	7154		8			0.069126983147953
TTLENGGVTTTGILDQN	17	2 Thr->Ser	_TT(Thr->Ser)LENGGVT(Thr->Ser)TTGILDQN_		T(0.35)T(0.647)LENGGVT(0.697)T(0.153)T(0.153)GILDQN		T(-2.8)T(2.8)LENGGVT(6.8)T(-6.8)T(-6.8)GILDQN	0	0	2	0	FBpp0311550	FBpp0311550	FBpp0311550	MULTI-MSMS	47663_e10670_MB032_Pupae_Thr_tRNA_05	853.9194946289062	2	853.415588	1704.81662	3.1747	0.0027093	-0.69605	-0.00059402	2.4786	0.0021153	853.4152172659259	33.297	0.38331	33.297	33.047	33.43	0					19.0	7.0	4.0	0	0	0	0.034964	1	19329	19329		58.172	25.918	10	605770.0			8033	619	5173	5579	9739	9739		130;131			-0.0075931557455533
RLAEGTVATK	10	Thr->Ser	_RLAEGTVAT(Thr->Ser)K_		RLAEGT(0.01)VAT(0.99)K		RLAEGT(-20)VAT(20)K	0	0	1	1	FBpp0310373	FBpp0310373	FBpp0310373	MULTI-MSMS	47663_e10670_MB032_Pupae_Thr_tRNA_05	516.2970581054688	2	516.29583	1030.57711	1.7529	0.000905	-0.010401	-5.3702e-06	1.7425	0.00089963	516.2958572155794	18.422	0.51967	18.422	18.194	18.714	0					22.0	10.0	3.0	0	0	0	0.05688	1	7907	7907		57.96	14.713	2	2329100.0			6680	474	4343	4676	8076	8076		85			0.0630424384623893
KLELADGYQPTLK	13	Thr->Ser	_KLELADGYQPT(Thr->Ser)LK_		KLELADGYQPT(1)LK		KLELADGYQPT(43)LK	0	0	1	1	FBpp0307371	FBpp0307371	FBpp0307371	MULTI-SECPEP	47663_e10670_MB032_Pupae_Thr_tRNA_05	488.25	3	487.936441	1460.78749	1.4451	0.00070512	-0.21271	-0.00010379	1.2324	0.00060133	487.9366633268107	50.297	0.55943	50.297	49.911	50.47	0					21.0	11.0	3.0	0	0	0	0.015657	1	32192	32192		57.794	47.149	1	941410.0			4077	58	2673	2878	4905	4905		9			0.075532366577363
IEEAVDHPVEETTNWADEVAAETVGGVEDWNEDTVK	36	Thr->Ser	_IEEAVDHPVEET(Thr->Ser)TNWADEVAAETVGGVEDWNEDTVK_		IEEAVDHPVEET(0.483)T(0.483)NWADEVAAET(0.019)VGGVEDWNEDT(0.016)VK		IEEAVDHPVEET(0)T(0)NWADEVAAET(-14)VGGVEDWNEDT(-15)VK	0	0	1	0	FBpp0308666;FBpp0308665	FBpp0308666	FBpp0308666	MULTI-MSMS	47663_e10670_MB032_Pupae_Thr_tRNA_05	1324.6090087890625	3	1323.93101	3968.7712	4.0998	0.0054278	-0.22935	-0.00030364	3.8704	0.0051242	1324.5993986541591	92.564	0.44267	92.564	92.158	92.6	0					12.0	8.0	2.0	0	0	0	0.0024502	1	64139	64139		57.14	48.227	4	5536000.0			3456	203	2263	2433	4176	4176		55;56			-0.0944397241119077
ITTRFLK	7	2 Thr->Ser	_IT(Thr->Ser)T(Thr->Ser)RFLK_		IT(1)T(1)RFLK		IT(48)T(48)RFLK	0	0	2	1	FBpp0309612	FBpp0309612	FBpp0309612	MULTI-SECPEP	47663_e10670_MB032_Pupae_Thr_tRNA_05	425.4447021484375	2	425.760895	849.507237	2.2307	0.00094976	-0.16931	-7.2086e-05	2.0614	0.00087768	425.7607935216275	56.897	0.52655	56.897	56.628	57.154	0					22.0	10.0	3.0	0	0	0	0.059016	1	37270	37270		56.091	13.091	1	1883200.0			3911	360	2558	2754	4699	4699		76;77			0.0764640996829939
DVHEIVLVGGSTRIPK	16	Thr->Ser	_DVHEIVLVGGST(Thr->Ser)RIPK_		DVHEIVLVGGST(1)RIPK		DVHEIVLVGGST(32)RIPK	0	0	1	1	FBpp0311376	FBpp0311376	FBpp0311376	MULTI-MSMS	47663_e10670_MB032_Pupae_Thr_tRNA_05	569.3255615234375	3	569.324699	1704.95227	1.599	0.00091035	-0.047619	-2.7111e-05	1.5514	0.00088324	569.324399207106	51.868	0.32424	51.868	51.747	52.071	0					21.0	6.0	4.0	0	0	0	0.046117	1	33519	33519		54.974	50.872	1	1590900.0			1459	580	993	1059	1709	1709		112			0.1279904879754667
AIFTTQVTSK	10	3 Thr->Ser	_AIFT(Thr->Ser)T(Thr->Ser)QVT(Thr->Ser)SK_		AIFT(1)T(1)QVT(1)SK		AIFT(31)T(31)QVT(31)SK	0	0	3	0	FBpp0312454	FBpp0312454	FBpp0312454	MULTI-MSMS	47663_e10670_MB032_Pupae_Thr_tRNA_05	527.2833862304688	2	527.282389	1052.55022	2.327	0.001227	1.0629	0.00056043	3.3899	0.0017874	527.2821009121557	33.974	0.66552	33.974	33.616	34.282	0					44.0	13.0	5.0	0	0	0	0.044375	1	19758	19758		54.549	33.99	1	12024000.0			289	788	209	223	333	333		179;180;181			0.0260513523505778
PATDAPGTTEK	11	3 Thr->Ser	_PAT(Thr->Ser)DAPGT(Thr->Ser)T(Thr->Ser)EK_		PAT(1)DAPGT(1)T(1)EK		PAT(40)DAPGT(40)T(40)EK	0	0	3	0	FBpp0311892	FBpp0311892	FBpp0311892	MULTI-MSMS	47663_e10670_MB032_Pupae_Thr_tRNA_05	523.2449951171875	2	523.24346	1044.47237	2.2293	0.0011665	0.27489	0.00014384	2.5042	0.0013103	523.243741469177	17.488	1.6176	17.488	17.145	18.763	0					75.0	34.0	5.0	0	0	0	0.041713	1	7122	7122		52.786	30.935	1	70374000.0			5877	692	3786	4091	7087	7087		159;160;161			-0.0480892242098889
QPTRGKLDAVVETPEEK	17	2 Thr->Ser	_QPT(Thr->Ser)RGKLDAVVET(Thr->Ser)PEEK_		QPT(1)RGKLDAVVET(1)PEEK		QPT(15)RGKLDAVVET(15)PEEK	0	0	2	2	FBpp0307978;FBpp0307979	FBpp0307978	FBpp0307978	MULTI-MSMS	47663_e10670_MB032_Pupae_Thr_tRNA_05	934.990966796875	2	934.989254	1867.96396	2.3075	0.0021575	0.60464	0.00056534	2.9121	0.0027228	934.9895623264952	89.967	0.49252	89.967	89.699	90.191	0					28.0	9.0	4.0	0	0	0	0.036103	1	62206	62206		52.247	33.622	1	3688000.0			6386	130	4153	4477	7711	7711		25;26			0.0646920103019965
FVEFIRLLRQSDSETLLELAAFPHPNK	27	Thr->Ser	_FVEFIRLLRQSDSET(Thr->Ser)LLELAAFPHPNK_		FVEFIRLLRQSDSET(1)LLELAAFPHPNK		FVEFIRLLRQSDSET(7.6)LLELAAFPHPNK	0	0	1	2	FBpp0311464;FBpp0311463	FBpp0311464	FBpp0311464	MULTI-MSMS	47663_e10670_MB032_Pupae_Thr_tRNA_05	632.546142578125	5	632.14263	3155.67677	1.8607	0.0011762	0.47618	0.00030101	2.3369	0.0014772	632.5446500374779	96.86	0.24281	96.86	96.741	96.984	0					11.0	4.0	4.0	0	0	0	0.003484	1	67513	67513		51.857	49.902	1	7798400.0			2594	599	1694	1820	3110	3110		118			0.1851576445787941
VTTAAPGTTEK	11	2 Thr->Ser	_VTTAAPGT(Thr->Ser)T(Thr->Ser)EK_		VT(0.089)T(0.249)AAPGT(0.831)T(0.831)EK		VT(-14)T(-8)AAPGT(8)T(8)EK	0	0	2	0	FBpp0311892	FBpp0311892	FBpp0311892	MULTI-SECPEP	47663_e10670_MB032_Pupae_Thr_tRNA_05	523.597412109375	2	524.269478	1046.5244	2.2247	0.0011664	3.7611	0.0019718	5.9858	0.0031382	524.7739480763595	26.766	0.29429	26.766	26.594	26.888	0					7.0	5.0	2.0	0	0	0	0.03721	1	14328	14328		51.854	20.781	6	878440.0			8743	692	5628	6067	10609	10609		162;163			0.0030024099273759
TTPTIKENK	9	2 Thr->Ser	_TT(Thr->Ser)PT(Thr->Ser)IKENK_		T(0.082)T(0.919)PT(0.999)IKENK		T(-11)T(11)PT(30)IKENK	0	0	2	1	FBpp0307564	FBpp0307564	FBpp0307564	MULTI-SECPEP	47663_e10670_MB032_Pupae_Thr_tRNA_05	502.8858642578125	2	502.274564	1002.53457	1.7881	0.0008981	-0.12815	-6.4366e-05	1.6599	0.00083373	502.2746298056055	26.202	0.38062	26.202	25.982	26.362	0					13.0	7.0	2.0	0	0	0	0.051684	1	13863	13863		51.787	11.519	3	1009900.0			8040	78	5178	5585	9747	9747		14;15			0.0334084871800541
TVTNAVITVPAYFNDSQRQATK	22	Thr->Ser	_TVT(Thr->Ser)NAVITVPAYFNDSQRQATK_		T(0.349)VT(0.575)NAVIT(0.072)VPAYFNDSQRQAT(0.003)K		T(-2.2)VT(2.2)NAVIT(-9)VPAYFNDSQRQAT(-23)K	0	0	1	1	FBpp0307982	FBpp0307982	FBpp0307982	MULTI-SECPEP	47663_e10670_MB032_Pupae_Thr_tRNA_05	803.7372436523438	3	804.083556	2409.22884	2.8623	0.0023015	-0.023122	-1.8592e-05	2.8391	0.0022829	804.0837578359449	63.686	0.47654	63.686	63.383	63.86	0					19.0	9.0	3.0	0	0	0	0.011265	1	42463	42463		50.873	37.265	4	2883100.0			8083	132	5206	5617	9799	9799		31;32;33			0.0805920571319802
GTAVTAK	7	2 Thr->Ser	_GT(Thr->Ser)AVT(Thr->Ser)AK_		GT(1)AVT(1)AK		GT(40)AVT(40)AK	0	0	2	0	FBpp0310606;FBpp0308599	FBpp0310606	FBpp0310606	MULTI-SECPEP	47663_e10670_MB032_Pupae_Thr_tRNA_05	618.8211669921875	1	619.340966	618.33369	1.6609	0.0010287	0.99911	0.00061879	2.66	0.0016474	619.3415870732862	25.214	0.4699	25.214	24.993	25.463	0					15.0	9.0	2.0	0	0	0	0.046259	1	13125	13125		48.761	48.761	1	1097500.0			3064	192	1992	2145	3720	3720		51;52			0.0092562419200703
VYYDYTITK	9	2 Thr->Ser	_VYYDYT(Thr->Ser)IT(Thr->Ser)K_		VYYDYT(1)IT(1)K		VYYDYT(23)IT(23)K	0	0	2	0	FBpp0312168	FBpp0312168	FBpp0312168	MULTI-SECPEP	47663_e10670_MB032_Pupae_Thr_tRNA_05	569.6563110351562	2	569.276772	1136.53899	1.5311	0.0008716	-0.4839	-0.00027547	1.0472	0.00059613	569.2763729018345	52.879	0.65715	52.879	52.537	53.194	0					37.0	13.0	4.0	0	0	0	0.058128	1	34208	34208		48.561	45.151	1	9546200.0			8860	749	5704	6146	10758	10758		169;170			-0.0238168685912114
EIQEISTLKR	10	Thr->Ser	_EIQEIST(Thr->Ser)LKR_		EIQEIST(1)LKR		EIQEIST(24)LKR	0	0	1	1	FBpp0310727;FBpp0310730;FBpp0310729	FBpp0310727	FBpp0310727	MULTI-MSMS	47663_e10670_MB032_Pupae_Thr_tRNA_05	401.5625305175781	3	401.562827	1201.66665	0.67442	0.00027082	-0.64572	-0.0002593	0.028706	1.1527e-05	401.56284487730574	38.315	0.79719	38.315	37.809	38.606	0					32.0	16.0	3.0	0	0	0	0.051395	1	23156	23156		48.44	21.111	1	3721300.0			1777	511	1211	1288	2093	2093		88			0.0738845373493859
VSHDTTVVYELGNKPK	16	Thr->Ser	_VSHDTT(Thr->Ser)VVYELGNKPK_		VSHDT(0.182)T(0.818)VVYELGNKPK		VSHDT(-6.5)T(6.5)VVYELGNKPK	0	0	1	1	FBpp0311464;FBpp0311463	FBpp0311464	FBpp0311464	MULTI-MSMS	47663_e10670_MB032_Pupae_Thr_tRNA_05	443.98541259765625	4	443.984892	1771.91046	1.1132	0.00049426	-0.34509	-0.00015321	0.76815	0.00034105	443.9846196635115	35.923	0.65498	35.923	35.452	36.107	0					31.0	13.0	4.0	0	0	0	0.028265	1	21366	21366		48.216	30.935	2	2253600.0			8675	599	5578	6014	10531	10531		120			0.0553844831836158
IVETSMK	7	Oxidation (M),Thr->Ser	_IVET(Thr->Ser)SM(Oxidation (M))K_	IVETSM(1)K	IVET(1)SMK	IVETSM(32)K	IVET(32)SMK	0	1	1	0	FBpp0311793	FBpp0311793	FBpp0311793	MULTI-SECPEP	47663_e10670_MB032_Pupae_Thr_tRNA_05	405.2352600097656	2	405.207304	808.400055	0.64668	0.00026204	-2.6437	-0.0010713	-1.997	-0.00080921	405.2052460042647	41.071	0.52198	41.071	40.665	41.187	0					18.0	10.0	3.0	0	0	0	0.052891	1	25162	25162		48.174	13.469	1	2127700.0			3936	672	2575	2775	4728	4728	357	151			-0.0118092802824776
YNLQVRGTRGEHTEAEGGVYDISNK	25	Thr->Ser	_YNLQVRGTRGEHT(Thr->Ser)EAEGGVYDISNK_		YNLQVRGT(0.321)RGEHT(0.679)EAEGGVYDISNK		YNLQVRGT(-3.3)RGEHT(3.3)EAEGGVYDISNK	0	0	1	2	FBpp0311280	FBpp0311280	FBpp0311280	MULTI-SECPEP	47663_e10670_MB032_Pupae_Thr_tRNA_05	556.9409790039062	5	556.673703	2778.33213	1.8218	0.0010142	-0.56071	-0.00031213	1.2611	0.00070203	556.8742902751794	37.935	0.65855	37.935	37.763	38.422	0					22.0	13.0	3.0	0	0	0	0.0068001	1	23114	23114		48.115	39.265	2	731530.0			9132	566	5891	6341	11077	11077		109			0.0141004136298761
AGDGATADVTRETGPK	16	3 Thr->Ser	_AGDGAT(Thr->Ser)ADVT(Thr->Ser)RET(Thr->Ser)GPK_		AGDGAT(1)ADVT(1)RET(1)GPK		AGDGAT(22)ADVT(22)RET(22)GPK	0	0	3	1	FBpp0308709	FBpp0308709	FBpp0308709	MSMS	47663_e10670_MB032_Pupae_Thr_tRNA_05	752.3707275390625	2	752.355333	1502.69611								28.868	1.0	28.868	28.368	29.368	0								0	0	0	0.024118	1	15945	15945		47.844	27.854	1				188	213	142	151	215	215		61;62;63			-0.0351267877754253
LAQSILTTLK	10	2 Thr->Ser	_LAQSILT(Thr->Ser)T(Thr->Ser)LK_		LAQSILT(1)T(1)LK		LAQSILT(33)T(33)LK	0	0	2	0	FBpp0312321	FBpp0312321	FBpp0312321	MULTI-SECPEP	47663_e10670_MB032_Pupae_Thr_tRNA_05	529.7916870117188	2	530.324057	1058.63356	1.6607	0.00088073	-0.77646	-0.00041178	0.88427	0.00046895	530.3235544990167	50.734	0.38676	50.734	50.519	50.906	0					12.0	7.0	2.0	0	0	0	0.051416	1	32562	32562		47.657	12.039	1	5056200.0			4236	768	2775	2983	5115	5115		173;174			0.1065887168288099
SIDIPWTTSDVTPLVEIYRQVMLQLK	26	Thr->Ser	_SIDIPWTT(Thr->Ser)SDVTPLVEIYRQVMLQLK_		SIDIPWT(0.362)T(0.543)SDVT(0.095)PLVEIYRQVMLQLK		SIDIPWT(-1.8)T(1.8)SDVT(-7.6)PLVEIYRQVMLQLK	0	0	1	1	FBpp0308598	FBpp0308598	FBpp0308598	MULTI-MSMS	47663_e10670_MB032_Pupae_Thr_tRNA_05	1011.5450439453124	3	1011.21061	3030.60999	2.7436	0.0027744	-0.39622	-0.00040066	2.3474	0.0023737	1011.542840537012	110.85	0.24612	110.85	110.77	111.02	0					16.0	4.0	5.0	0	0	0	0.019103	1	78053	78053		47.38	41.349	3	3211800.0			7168	191	4651	5004	8660	8660		50			0.1759139285181845
LATRSDETHAQR	12	2 Thr->Ser	_LAT(Thr->Ser)RSDET(Thr->Ser)HAQR_		LAT(1)RSDET(1)HAQR		LAT(23)RSDET(23)HAQR	0	0	2	1	FBpp0311364;FBpp0306978	FBpp0311364	FBpp0311364	MULTI-SECPEP	47663_e10670_MB032_Pupae_Thr_tRNA_05	678.3646240234375	2	678.834371	1355.65419	1.4963	0.0010157	1.2976	0.00088086	2.7939	0.0018966	678.8351853892407	40.814	0.33398	40.814	40.618	40.952	0					12.0	6.0	2.0	0	0	0	0.03931	1	25021	25021		46.891	39.647	1	1262700.0			4245	19	2783	2991	5125	5125		2;3			-0.0094118967540453
NCSRRASTTPTTLIDR	16	2 Thr->Ser	_NCSRRAST(Thr->Ser)TPT(Thr->Ser)TLIDR_		NCSRRAST(0.985)T(0.021)PT(0.497)T(0.497)LIDR		NCSRRAST(18)T(-18)PT(0)T(0)LIDR	0	0	2	2	FBpp0310911;FBpp0310909	FBpp0310911	FBpp0310911	MULTI-MSMS	47663_e10670_MB032_Pupae_Thr_tRNA_05	910.957275390625	2	910.955223	1819.89589	1.8418	0.0016778	-0.41404	-0.00037717	1.4277	0.0013006	910.9548979225744	56.133	0.82857	56.133	55.899	56.728	0					47.0	16.0	5.0	0	0	0	0.058875	1	36596	36596		46.844	19.681	6	39164000.0			5372	526	3464	3748	6493	6493		90;91;92			0.0187405289855178
VPSGILTKEEWERLR	15	Thr->Ser	_VPSGILT(Thr->Ser)KEEWERLR_		VPSGILT(1)KEEWERLR		VPSGILT(11)KEEWERLR	0	0	1	2	FBpp0312605;FBpp0312604	FBpp0312605	FBpp0312605	MULTI-SECPEP	47663_e10670_MB032_Pupae_Thr_tRNA_05	450.7522277832031	4	450.50071	1797.97373	2.0937	0.00094323	0.43867	0.00019762	2.5324	0.0011409	450.7516296008317	30.428	1.4544	30.428	30.032	31.486	0					107.0	30.0	5.0	0	0	0	0.028183	1	17032	17032		46.481	29.815	1	21468000.0			8616	809	5540	5973	10465	10465		182			0.1066643382628171
TNVTLVKPTDNSAK	14	Thr->Ser	_TNVT(Thr->Ser)LVKPTDNSAK_		T(0.013)NVT(0.986)LVKPT(0.001)DNSAK		T(-19)NVT(19)LVKPT(-29)DNSAK	0	0	1	1	FBpp0307371	FBpp0307371	FBpp0307371	MSMS	47663_e10670_MB032_Pupae_Thr_tRNA_05	491.9369201660156	3	491.9351	1472.78347								27.37	1.0	27.37	26.87	27.87	0								0	0	0	0.037807	1	14802	14802		46.39	34.776	3				7951	58	5110	5510	9644	9644		13			0.0659914716407001
KAETGTQEKFK	11	2 Thr->Ser	_KAET(Thr->Ser)GT(Thr->Ser)QEKFK_		KAET(1)GT(1)QEKFK		KAET(27)GT(27)QEKFK	0	0	2	2	FBpp0308475	FBpp0308475	FBpp0308475	MSMS	47663_e10670_MB032_Pupae_Thr_tRNA_05	619.8236083984375	2	619.822409	1237.63027								14.368	1.0	14.368	13.868	14.868	0								0	0	0	0.038376	1	4832	4832		46.158	8.0719	1				4013	176	2626	2829	4834	4834		44;45			0.0209557683822367
ITPTLQELGIPTIEELGYDKPELALK	26	Thr->Ser	_ITPT(Thr->Ser)LQELGIPTIEELGYDKPELALK_		IT(0.231)PT(0.601)LQELGIPT(0.167)IEELGYDKPELALK		IT(-4.1)PT(4.1)LQELGIPT(-5.6)IEELGYDKPELALK	0	0	1	1	FBpp0312586;FBpp0306911	FBpp0312586	FBpp0312586	MULTI-MSMS	47663_e10670_MB032_Pupae_Thr_tRNA_05	956.861572265625	3	956.526591	2866.55794	2.3727	0.0022696	-0.4004	-0.00038299	1.9723	0.0018866	956.860556110504	96.282	0.59023	96.282	95.86	96.45	0					30.0	11.0	4.0	0	0	0	0.02061	1	67054	67054		45.957	38.81	3	2297300.0			3905	7	2555	2750	4693	4693		1			0.1993255270976988
MLTAPDYINQKVVQNIETR	19	Oxidation (M),2 Thr->Ser	_M(Oxidation (M))LT(Thr->Ser)APDYINQKVVQNIET(Thr->Ser)R_	M(1)LTAPDYINQKVVQNIETR	MLT(1)APDYINQKVVQNIET(1)R	M(15)LTAPDYINQKVVQNIETR	MLT(15)APDYINQKVVQNIET(15)R	0	1	2	1	FBpp0309134	FBpp0309134	FBpp0309134	MULTI-MSMS	47663_e10670_MB032_Pupae_Thr_tRNA_05	1111.5714111328125	2	1111.06771	2220.12087	2.4259	0.0026954	-1.5429	-0.0017143	0.88302	0.0009811	1111.567739437124	70.688	0.3842	70.688	70.465	70.849	0					23.0	7.0	4.0	0	0	0	0.013979	1	47630	47630		45.915	15.98	1	9397400.0			5249	273	3396	3662	6354	6354	128	68;69			0.0596111785821449
NVEVSDLTTYFDLVDFDVTNMLNDK	25	Oxidation (M),Thr->Ser	_NVEVSDLTTYFDLVDFDVT(Thr->Ser)NM(Oxidation (M))LNDK_	NVEVSDLTTYFDLVDFDVTNM(1)LNDK	NVEVSDLT(0.133)T(0.133)YFDLVDFDVT(0.735)NMLNDK	NVEVSDLTTYFDLVDFDVTNM(22)LNDK	NVEVSDLT(-7.4)T(-7.4)YFDLVDFDVT(7.4)NMLNDK	0	1	1	0	FBpp0311765	FBpp0311765	FBpp0311765	MULTI-MSMS	47663_e10670_MB032_Pupae_Thr_tRNA_05	970.7882690429688	3	970.451422	2908.33244	2.0748	0.0020135	-0.4604	-0.0004468	1.6144	0.0015667	970.785865771805	105.46	1.1308	105.46	104.92	106.05	0					39.0	22.0	4.0	0	0	0	0.0068639	1	73883	73883		45.862	40.082	3	3562900.0			5753	659	3719	4018	6931	6931	347	145			-0.045397645426874
LMGLGEHWYTEDK	13	Oxidation (M),Thr->Ser	_LM(Oxidation (M))GLGEHWYT(Thr->Ser)EDK_	LM(1)GLGEHWYTEDK	LMGLGEHWYT(1)EDK	LM(18)GLGEHWYTEDK	LMGLGEHWYT(18)EDK	0	1	1	0	FBpp0311765	FBpp0311765	FBpp0311765	MULTI-SECPEP	47663_e10670_MB032_Pupae_Thr_tRNA_05	527.8309936523438	3	527.573174	1579.69769	2.6111	0.0013775	0.50585	0.00026687	3.1169	0.0016444	527.573440361234	48.265	0.4682	48.265	48.026	48.494	0					16.0	9.0	2.0	0	0	0	0.028386	1	30730	30730		45.825	35.347	1	1072000.0			4708	659	3054	3286	5708	5708	345	144			-0.068967610131267
QTLERNFDIVLSAQEIRQLTFGALK	25	Thr->Ser	_QT(Thr->Ser)LERNFDIVLSAQEIRQLTFGALK_		QT(0.99)LERNFDIVLSAQEIRQLT(0.01)FGALK		QT(20)LERNFDIVLSAQEIRQLT(-20)FGALK	0	0	1	2	FBpp0307371	FBpp0307371	FBpp0307371	MULTI-SECPEP	47663_e10670_MB032_Pupae_Thr_tRNA_05	720.4216918945312	4	719.896174	2875.55559	1.9475	0.001402	1.403	0.00101	3.3505	0.002412	720.4001366158622	97.316	1.0285	97.316	96.549	97.577	0					58.0	20.0	5.0	0	0	0	0.013888	1	67534	67534		45.205	39.175	2	18829000.0			6456	58	4207	4532	7794	7794		10			0.192835618152003
QIGNAVLESPLTTYAAERIDGAFTVGDK	28	2 Thr->Ser	_QIGNAVLESPLT(Thr->Ser)T(Thr->Ser)YAAERIDGAFTVGDK_		QIGNAVLESPLT(0.943)T(0.963)YAAERIDGAFT(0.094)VGDK		QIGNAVLESPLT(12)T(14)YAAERIDGAFT(-12)VGDK	0	0	2	1	FBpp0307010	FBpp0307010	FBpp0307010	MULTI-MSMS	47663_e10670_MB032_Pupae_Thr_tRNA_05	970.1622314453124	3	970.161082	2907.46142	2.3241	0.0022548	-0.43285	-0.00041993	1.8913	0.0018348	970.494253246391	91.411	0.93353	91.411	90.782	91.715	0					68.0	18.0	5.0	0	0	0	0.0087491	1	63136	63136		45.042	38.318	3	13486000.0			6301	23	4090	4410	7607	7607		4;5			0.0839837820249158
TMTTNIGTKTETSSTPIMITK	21	Oxidation (M),4 Thr->Ser	_TM(Oxidation (M))TTNIGT(Thr->Ser)KT(Thr->Ser)ET(Thr->Ser)SST(Thr->Ser)PIMITK_	TM(0.552)TTNIGTKTETSSTPIM(0.448)ITK	T(0.455)MT(0.454)T(0.478)NIGT(0.534)KT(0.532)ET(0.53)SST(0.508)PIMIT(0.508)K	TM(4.3)TTNIGTKTETSSTPIM(-4.3)ITK	T(-4)MT(-4)T(-0.27)NIGT(0)KT(0)ET(0)SST(0)PIMIT(0)K	0	1	4	1	UNDEFINED	REV__FBpp0312173	REV__FBpp0312173	MULTI-MSMS	47663_e10670_MB032_Pupae_Thr_tRNA_05	1109.0465087890625	2	1108.54288	2215.0712	2.1865	0.0024238	-1.0749	-0.0011916	1.1116	0.0012323	1109.0434991538325	105.58	0.9342	105.58	105.02	105.95	0					48.0	18.0	5.0	0	0	0	0.060749	1	74019	74019		44.616	38.139	140	35914000.0	+		7919	831	5096	5491	9606	9606	432				0.0122662206731547
ETLRNTTQDILTNLMELK	18	Oxidation (M),2 Thr->Ser	_ET(Thr->Ser)LRNTTQDILT(Thr->Ser)NLM(Oxidation (M))ELK_	ETLRNTTQDILTNLM(1)ELK	ET(0.713)LRNT(0.276)T(0.198)QDILT(0.813)NLMELK	ETLRNTTQDILTNLM(12)ELK	ET(4.9)LRNT(-4.9)T(-7.7)QDILT(7.7)NLMELK	0	1	2	1	UNDEFINED	REV__FBpp0310725	REV__FBpp0310725	MSMS	47663_e10670_MB032_Pupae_Thr_tRNA_05	1061.04833984375	2	1061.04644	2120.07833								102.82	1.0	102.82	102.32	103.32	0								0	0	0	0.060749	1	71974	71974		44.543	29.341	6		+		2094	828	1409	1505	2477	2477					0.0630972273002044
ALSDHHVYLEGTLLK	15	Thr->Ser	_ALSDHHVYLEGT(Thr->Ser)LLK_		ALSDHHVYLEGT(1)LLK		ALSDHHVYLEGT(40)LLK	0	0	1	0	FBpp0308680	FBpp0308680	FBpp0308680	MULTI-SECPEP	47663_e10670_MB032_Pupae_Thr_tRNA_05	561.321533203125	3	561.301783	1680.88352	1.5195	0.0008529	-2.9857	-0.0016759	-1.4662	-0.00082299	561.2983315892686	52.574	0.9814	52.574	52.071	53.053	0					40.0	20.0	4.0	0	0	0	0.036095	1	33969	33969		44.299	33.832	1	2418900.0			412	208	290	309	472	472		57			0.0703138449782727
PMPTKSELIK	10	Oxidation (M),Thr->Ser	_PM(Oxidation (M))PT(Thr->Ser)KSELIK_	PM(1)PTKSELIK	PMPT(1)KSELIK	PM(22)PTKSELIK	PMPT(22)KSELIK	0	1	1	1	FBpp0307051	FBpp0307051	FBpp0307051	MSMS	47663_e10670_MB032_Pupae_Thr_tRNA_05	382.54736328125	3	382.546008	1144.6162								16.452	1.0	16.452	15.952	16.952	0								0	0	0	0.04174	1	6427	6427		43.77	6.5786	1				6040	28	3895	4208	7305	7305	6	7			0.0496720808559985
PTNRPRVTTEK	11	Thr->Ser	_PT(Thr->Ser)NRPRVTTEK_		PT(0.997)NRPRVT(0.002)T(0.002)EK		PT(28)NRPRVT(-28)T(-28)EK	0	0	1	2	FBpp0309784	FBpp0309784	FBpp0309784	MSMS	47663_e10670_MB032_Pupae_Thr_tRNA_05	642.8584594726562	2	642.854575	1283.6946								36.894	1.0	36.894	36.394	37.394	0								0	0	0	0.050768	1	22066	22066		43.734	6.9739	3				6107	381	3944	4261	7389	7389		78			0.0640977671503151
IQGGGDINTALGLLPDK	17	Thr->Ser	_IQGGGDINT(Thr->Ser)ALGLLPDK_		IQGGGDINT(1)ALGLLPDK		IQGGGDINT(21)ALGLLPDK	0	0	1	0	FBpp0311301;FBpp0311302	FBpp0311301	FBpp0311301	MULTI-SECPEP	47663_e10670_MB032_Pupae_Thr_tRNA_05	556.5232543945312	3	556.636943	1666.889	2.6839	0.001494	-0.21439	-0.00011934	2.4695	0.0013746	556.6369437449475	36.52	0.80994	36.52	36.243	37.053	0					58.0	16.0	5.0	0	0	0	0.031397	1	21694	21694		43.592	15.92	1	82282000.0			3775	571	2478	2664	4545	4545		110			0.0822306328964259
RELEESEVDETTMSTK	16	Thr->Ser	_RELEESEVDETT(Thr->Ser)MSTK_		RELEESEVDET(0.134)T(0.433)MST(0.433)K		RELEESEVDET(-5.1)T(0)MST(0)K	0	0	1	1	FBpp0307864	FBpp0307864	FBpp0307864	MULTI-MSMS	47663_e10670_MB032_Pupae_Thr_tRNA_05	935.9259033203124	2	935.422752	1868.83095	2.4503	0.0022921	0.32123	0.00030048	2.7716	0.0025926	935.4241925171752	23.652	0.70684	23.652	23.235	23.942	0					25.0	14.0	3.0	0	0	0	0.052892	1	11974	11974		43.084	36.981	3	496910.0			6586	118	4282	4612	7964	7964		23;24			-0.068710312085841
TDTLYRNMREGWIK	14	Oxidation (M),Thr->Ser	_TDT(Thr->Ser)LYRNM(Oxidation (M))REGWIK_	TDTLYRNM(1)REGWIK	T(0.012)DT(0.988)LYRNMREGWIK	TDTLYRNM(21)REGWIK	T(-19)DT(19)LYRNMREGWIK	0	1	1	2	FBpp0308005	FBpp0308005	FBpp0308005	MULTI-MSMS	47663_e10670_MB032_Pupae_Thr_tRNA_05	595.9649658203125	3	595.629794	1783.86755	2.4994	0.0014887	-0.49776	-0.00029648	2.0017	0.0011923	595.6295316050964	37.176	0.62346	37.176	36.905	37.529	0					45.0	12.0	5.0	0	0	0	0.032099	1	22250	22250		42.785	8.9885	2	19715000.0			7653	137	4946	5321	9259	9259	62	36			0.0069735498925638
EVITLTRDTPIK	12	3 Thr->Ser	_EVIT(Thr->Ser)LT(Thr->Ser)RDT(Thr->Ser)PIK_		EVIT(1)LT(1)RDT(1)PIK		EVIT(17)LT(17)RDT(17)PIK	0	0	3	1	FBpp0307711	FBpp0307711	FBpp0307711	MULTI-SECPEP	47663_e10670_MB032_Pupae_Thr_tRNA_05	672.8285522460938	2	672.380091	1342.74563	1.7553	0.0011803	1.1477	0.0007717	2.9031	0.001952	672.3808996648339	53.215	0.28309	53.215	53.007	53.29	0					9.0	5.0	2.0	0	0	0	0.037838	1	34429	34429		41.876	15.434	1	914040.0			2139	99	1441	1538	2531	2531		19;20;21			0.0879668096922614
IETSPSTQRVSIQQQPPSLVQR	22	2 Thr->Ser	_IET(Thr->Ser)SPST(Thr->Ser)QRVSIQQQPPSLVQR_		IET(1)SPST(1)QRVSIQQQPPSLVQR		IET(12)SPST(12)QRVSIQQQPPSLVQR	0	0	2	1	FBpp0308329	FBpp0308329	FBpp0308329	MULTI-MSMS	47663_e10670_MB032_Pupae_Thr_tRNA_05	613.8305053710938	4	613.579214	2450.28775	1.6188	0.00099329	-1.0929	-0.00067057	0.52595	0.00032271	613.8292287937677	32.666	0.56671	32.666	32.292	32.859	0					27.0	11.0	4.0	0	0	0	0.023739	1	18857	18857		41.521	30.978	1	2887100.0			3490	156	2289	2460	4214	4214		38;39			0.1206168200751562
LVTVTDMLTK	10	Oxidation (M),2 Thr->Ser	_LVT(Thr->Ser)VT(Thr->Ser)DM(Oxidation (M))LTK_	LVTVTDM(1)LTK	LVT(0.994)VT(0.698)DMLT(0.307)K	LVTVTDM(28)LTK	LVT(21)VT(3.6)DMLT(-3.6)K	0	1	2	0	FBpp0309362;FBpp0309361	FBpp0309362	FBpp0309362	MULTI-SECPEP	47663_e10670_MB032_Pupae_Thr_tRNA_05	554.2901611328125	2	554.799557	1107.58456	1.4035	0.00077866	0.27625	0.00015326	1.6797	0.00093192	554.7996051716424	49.515	0.80813	49.515	49.149	49.957	0					55.0	16.0	6.0	0	0	0	0.044234	1	31671	31671		41.029	34.579	3	12246000.0			5062	314	3301	3542	6131	6131	144	73;74			0.0350721533163778
TFRREMR	7	Oxidation (M),Thr->Ser	_T(Thr->Ser)FRREM(Oxidation (M))R_	TFRREM(1)R	T(1)FRREMR	TFRREM(15)R	T(15)FRREMR	0	1	1	2	FBpp0307654;FBpp0307656;FBpp0311300;FBpp0307658;FBpp0307655;FBpp0307651;FBpp0307650;FBpp0311298;FBpp0311299;FBpp0307657;FBpp0307653	FBpp0307654	FBpp0307654	MULTI-SECPEP	47663_e10670_MB032_Pupae_Thr_tRNA_05	498.9366455078125	2	499.253443	996.492332	1.6602	0.00082887	0.20177	0.00010073	1.862	0.00092961	499.2534759062792	52.262	0.9754	52.262	51.937	52.912	0					43.0	20.0	4.0	0	0	0	0.056084	1	33772	33772		40.946	26.164	1	6350000.0			7723	93	4982	5361	9367	9367	42	16			-0.0060540517135905
WTDLAGK	7	Acetyl (Protein N-term),Thr->Ser	_(Acetyl (Protein N-term))WT(Thr->Ser)DLAGK_		WT(1)DLAGK		WT(40)DLAGK	1	0	1	0	FBpp0311891	FBpp0311891	FBpp0311891	MULTI-SECPEP	47663_e10670_MB032_Pupae_Thr_tRNA_05	409.7265319824219	2	409.705786	817.397018	1.8745	0.00076801	0.24177	9.9053e-05	2.1163	0.00086706	409.7058202117519	27.82	0.61238	27.82	27.6	28.213	0					21.0	12.0	2.0	0	0	0	0.05825	1	15096	15096		40.852	24.698	1	1195800.0			8923	691	5753	6196	10830	10830		158			-0.0189843509075444
TDDTQDTQPK	10	3 Thr->Ser	_T(Thr->Ser)DDT(Thr->Ser)QDT(Thr->Ser)QPK_		T(1)DDT(1)QDT(1)QPK		T(24)DDT(24)QDT(24)QPK	0	0	3	0	FBpp0308448	FBpp0308448	FBpp0308448	MSMS	47663_e10670_MB032_Pupae_Thr_tRNA_05	553.6381225585938	2	553.733457	1105.45236								19.434	1.0	19.434	18.934	19.934	0								0	0	0	0.042539	1	8722	8722		40.268	40.268	1				7643	170	4938	5313	9249	9249		41;42;43			-0.096147181516244
PGTPTMTK	8	Oxidation (M),Thr->Ser	_PGT(Thr->Ser)PTM(Oxidation (M))TK_	PGTPTM(1)TK	PGT(0.81)PT(0.038)MT(0.152)K	PGTPTM(16)TK	PGT(7.3)PT(-13)MT(-7.3)K	0	1	1	0	FBpp0311267	FBpp0311267	FBpp0311267	MULTI-SECPEP	47663_e10670_MB032_Pupae_Thr_tRNA_05	416.9810791015625	2	417.704928	833.395304	0.89069	0.00037205	0.46336	0.00019355	1.3541	0.0005656	417.7049953065852	21.908	0.49824	21.908	21.669	22.167	0					18.0	10.0	2.0	0	0	0	0.0572	1	10697	10697		40.103	23.809	3	1386000.0			5942	561	3820	4128	7190	7190	257	97			-0.0280581217102735
